Week,DC,Cat_Desc,VENDOR_NAME,FCST_Ceiling,Domestic_Import,Temp Range,Case_Pallet,Speed,Service,Revised
12048,3699,ASPARAGUS,IMPORT,80,IMPORT,34,Pallet,,Fumigation ,23/12/20
12048,4867,ASPARAGUS,IMPORT,60,IMPORT,34,Pallet,,Fumigation ,23/12/20
12048,3699,ASPARAGUS,IMPORT-IMPORT PRODUCE PROGRAM,69,IMPORT,34,Pallet,,Fumigation ,23/12/20
12048,4867,ASPARAGUS,IMPORT-IMPORT PRODUCE PROGRAM,67,IMPORT,34,Pallet,,Fumigation ,23/12/20
12048,7095,ASPARAGUS,IMPORT-IMPORT PRODUCE PROGRAM,53,IMPORT,34,Pallet,,Fumigation ,23/12/20
12049,3699,ASPARAGUS,IMPORT,80,IMPORT,34,Pallet,,Fumigation ,23/12/20
12049,4867,ASPARAGUS,IMPORT,60,IMPORT,34,Pallet,,Fumigation ,23/12/20
12049,3699,ASPARAGUS,IMPORT-IMPORT PRODUCE PROGRAM,73,IMPORT,34,Pallet,,Fumigation ,23/12/20
12049,4867,ASPARAGUS,IMPORT-IMPORT PRODUCE PROGRAM,72,IMPORT,34,Pallet,,Fumigation ,23/12/20
12049,7095,ASPARAGUS,IMPORT-IMPORT PRODUCE PROGRAM,57,IMPORT,34,Pallet,,Fumigation ,23/12/20
12050,3699,ASPARAGUS,IMPORT,80,IMPORT,34,Pallet,,Fumigation ,23/12/20
12050,4867,ASPARAGUS,IMPORT,60,IMPORT,34,Pallet,,Fumigation ,23/12/20
12050,3699,ASPARAGUS,IMPORT-IMPORT PRODUCE PROGRAM,43,IMPORT,34,Pallet,,Fumigation ,23/12/20
12050,4867,ASPARAGUS,IMPORT-IMPORT PRODUCE PROGRAM,37,IMPORT,34,Pallet,,Fumigation ,23/12/20
12050,7095,ASPARAGUS,IMPORT-IMPORT PRODUCE PROGRAM,10,IMPORT,34,Pallet,,Fumigation ,23/12/20
12051,3699,ASPARAGUS,IMPORT,80,IMPORT,34,Pallet,,Fumigation ,23/12/20
12051,4867,ASPARAGUS,IMPORT,60,IMPORT,34,Pallet,,Fumigation ,23/12/20
12051,3699,ASPARAGUS,IMPORT-IMPORT PRODUCE PROGRAM,43,IMPORT,34,Pallet,,Fumigation ,23/12/20
12051,4867,ASPARAGUS,IMPORT-IMPORT PRODUCE PROGRAM,38,IMPORT,34,Pallet,,Fumigation ,23/12/20
12051,7095,ASPARAGUS,IMPORT-IMPORT PRODUCE PROGRAM,11,IMPORT,34,Pallet,,Fumigation ,23/12/20
12052,3699,ASPARAGUS,IMPORT,80,IMPORT,34,Pallet,,Fumigation ,23/12/20
12052,4867,ASPARAGUS,IMPORT,60,IMPORT,34,Pallet,,Fumigation ,23/12/20
12052,3699,ASPARAGUS,IMPORT-IMPORT PRODUCE PROGRAM,46,IMPORT,34,Pallet,,Fumigation ,23/12/20
12052,4867,ASPARAGUS,IMPORT-IMPORT PRODUCE PROGRAM,39,IMPORT,34,Pallet,,Fumigation ,23/12/20
12052,7095,ASPARAGUS,IMPORT-IMPORT PRODUCE PROGRAM,12,IMPORT,34,Pallet,,Fumigation ,23/12/20
12101,7095,ASPARAGUS,IMPORT,80,IMPORT,34,Pallet,,Fumigation ,23/12/20
12048,3699,AVOCADOS,W P PRODUCE CORP,29,DOMESTIC,34,Pallet,,,23/12/20
12049,3699,AVOCADOS,W P PRODUCE CORP,33,DOMESTIC,34,Pallet,,,23/12/20
12050,3699,AVOCADOS,W P PRODUCE CORP,34,DOMESTIC,34,Pallet,,,23/12/20
12051,3699,AVOCADOS,W P PRODUCE CORP,33,DOMESTIC,34,Pallet,,,23/12/20
12052,3699,AVOCADOS,W P PRODUCE CORP,33,DOMESTIC,34,Pallet,,,23/12/20
12101,3699,AVOCADOS,W P PRODUCE CORP,37,DOMESTIC,34,Pallet,,,23/12/20
12102,3699,AVOCADOS,W P PRODUCE CORP,36,DOMESTIC,34,Pallet,,,23/12/20
12103,3699,AVOCADOS,W P PRODUCE CORP,33,DOMESTIC,34,Pallet,,,23/12/20
12048,3699,AVOCADOS,IMPORT,180,IMPORT,34,Pallet,,,23/12/20
12048,4867,AVOCADOS,IMPORT,260,IMPORT,34,Pallet,,,23/12/20
12049,3699,AVOCADOS,IMPORT,180,IMPORT,34,Pallet,,,23/12/20
12049,4867,AVOCADOS,IMPORT,260,IMPORT,34,Pallet,,,23/12/20
12050,3699,AVOCADOS,IMPORT,180,IMPORT,34,Pallet,,,23/12/20
12050,4867,AVOCADOS,IMPORT,260,IMPORT,34,Pallet,,,23/12/20
12051,3699,AVOCADOS,IMPORT,180,IMPORT,34,Pallet,,,23/12/20
12051,4867,AVOCADOS,IMPORT,260,IMPORT,34,Pallet,,,23/12/20
12052,3699,AVOCADOS,IMPORT,180,IMPORT,34,Pallet,,,23/12/20
12052,4867,AVOCADOS,IMPORT,260,IMPORT,34,Pallet,,,23/12/20
12101,3699,AVOCADOS,IMPORT,20,IMPORT,34,Pallet,,,23/12/20
12101,4867,AVOCADOS,IMPORT,60,IMPORT,34,Pallet,,,23/12/20
12102,3699,AVOCADOS,IMPORT,20,IMPORT,34,Pallet,,,23/12/20
12102,4867,AVOCADOS,IMPORT,60,IMPORT,34,Pallet,,,23/12/20
12103,3699,AVOCADOS,IMPORT,20,IMPORT,34,Pallet,,,23/12/20
12103,4867,AVOCADOS,IMPORT,60,IMPORT,34,Pallet,,,23/12/20
12048,4867,BANANAS,IMPORT,100,IMPORT,48,Pallet,,,23/12/20
12048,4867,BANANAS,IMPORT,320,IMPORT,48,Pallet,,,23/12/20
12049,4867,BANANAS,IMPORT,100,IMPORT,48,Pallet,,,23/12/20
12049,4867,BANANAS,IMPORT,320,IMPORT,48,Pallet,,,23/12/20
12050,4867,BANANAS,IMPORT,100,IMPORT,48,Pallet,,,23/12/20
12050,4867,BANANAS,IMPORT,320,IMPORT,48,Pallet,,,23/12/20
12051,4867,BANANAS,IMPORT,100,IMPORT,48,Pallet,,,23/12/20
12051,4867,BANANAS,IMPORT,320,IMPORT,48,Pallet,,,23/12/20
12052,4867,BANANAS,IMPORT,100,IMPORT,48,Pallet,,,23/12/20
12052,4867,BANANAS,IMPORT,320,IMPORT,48,Pallet,,,23/12/20
12048,7095,BELL PEPPER,WILSON PRODUCE LLC,13,DOMESTIC,48,Case,,,23/12/20
12049,7095,BELL PEPPER,WILSON PRODUCE LLC,15,DOMESTIC,48,Case,,,23/12/20
12050,7095,BELL PEPPER,WILSON PRODUCE LLC,15,DOMESTIC,48,Case,,,23/12/20
12051,7095,BELL PEPPER,WILSON PRODUCE LLC,15,DOMESTIC,48,Case,,,23/12/20
12052,7095,BELL PEPPER,WILSON PRODUCE LLC,14,DOMESTIC,48,Case,,,23/12/20
12101,7095,BELL PEPPER,WILSON PRODUCE LLC,15,DOMESTIC,48,Case,,,23/12/20
12102,7095,BELL PEPPER,WILSON PRODUCE LLC,15,DOMESTIC,48,Case,,,23/12/20
12103,7095,BELL PEPPER,WILSON PRODUCE LLC,14,DOMESTIC,48,Case,,,23/12/20
12048,7095,BLACKBERRIES,CALIFORNIA GIANT INC,13,DOMESTIC,34,Case,Yes,,23/12/20
12048,7095,BLACKBERRIES,DRISCOLLS INC,23,DOMESTIC,34,Case,Yes,,23/12/20
12048,7095,BLACKBERRIES,RED BLOSSOM SALES INC,15,DOMESTIC,34,Case,Yes,,23/12/20
12049,7095,BLACKBERRIES,CALIFORNIA GIANT INC,16,DOMESTIC,34,Case,Yes,,23/12/20
12049,7095,BLACKBERRIES,DRISCOLLS INC,29,DOMESTIC,34,Case,Yes,,23/12/20
12049,7095,BLACKBERRIES,RED BLOSSOM SALES INC,18,DOMESTIC,34,Case,Yes,,23/12/20
12050,7095,BLACKBERRIES,CALIFORNIA GIANT INC,16,DOMESTIC,34,Case,Yes,,23/12/20
12050,7095,BLACKBERRIES,DRISCOLLS INC,30,DOMESTIC,34,Case,Yes,,23/12/20
12050,7095,BLACKBERRIES,RED BLOSSOM SALES INC,19,DOMESTIC,34,Case,Yes,,23/12/20
12051,7095,BLACKBERRIES,CALIFORNIA GIANT INC,16,DOMESTIC,34,Case,Yes,,23/12/20
12051,7095,BLACKBERRIES,DRISCOLLS INC,30,DOMESTIC,34,Case,Yes,,23/12/20
12051,7095,BLACKBERRIES,RED BLOSSOM SALES INC,19,DOMESTIC,34,Case,Yes,,23/12/20
12052,7095,BLACKBERRIES,CALIFORNIA GIANT INC,16,DOMESTIC,34,Case,Yes,,23/12/20
12052,7095,BLACKBERRIES,DRISCOLLS INC,30,DOMESTIC,34,Case,Yes,,23/12/20
12052,7095,BLACKBERRIES,RED BLOSSOM SALES INC,19,DOMESTIC,34,Case,Yes,,23/12/20
12101,7095,BLACKBERRIES,DRISCOLLS INC,42,DOMESTIC,34,Case,Yes,,23/12/20
12101,7095,BLACKBERRIES,RED BLOSSOM SALES INC,20,DOMESTIC,34,Case,Yes,,23/12/20
12102,7095,BLACKBERRIES,DRISCOLLS INC,41,DOMESTIC,34,Case,Yes,,23/12/20
12102,7095,BLACKBERRIES,RED BLOSSOM SALES INC,20,DOMESTIC,34,Case,Yes,,23/12/20
12103,7095,BLACKBERRIES,DRISCOLLS INC,42,DOMESTIC,34,Case,Yes,,23/12/20
12103,7095,BLACKBERRIES,RED BLOSSOM SALES INC,20,DOMESTIC,34,Case,Yes,,23/12/20
12048,3699,BLACKBERRIES,DOMESTIC,59,DOMESTIC,34,Pallet,Yes,,23/12/20
12048,4867,BLACKBERRIES,DOMESTIC,54,DOMESTIC,34,Pallet,Yes,,23/12/20
12049,3699,BLACKBERRIES,DOMESTIC,59,DOMESTIC,34,Pallet,Yes,,23/12/20
12049,4867,BLACKBERRIES,DOMESTIC,54,DOMESTIC,34,Pallet,Yes,,23/12/20
12050,3699,BLACKBERRIES,DOMESTIC,59,DOMESTIC,34,Pallet,Yes,,23/12/20
12050,4867,BLACKBERRIES,DOMESTIC,54,DOMESTIC,34,Pallet,Yes,,23/12/20
12051,3699,BLACKBERRIES,DOMESTIC,59,DOMESTIC,34,Pallet,Yes,,23/12/20
12051,4867,BLACKBERRIES,DOMESTIC,54,DOMESTIC,34,Pallet,Yes,,23/12/20
12052,3699,BLACKBERRIES,DOMESTIC,59,DOMESTIC,34,Pallet,Yes,,23/12/20
12052,4867,BLACKBERRIES,DOMESTIC,54,DOMESTIC,34,Pallet,Yes,,23/12/20
12101,3699,BLACKBERRIES,DOMESTIC,59,DOMESTIC,34,Pallet,Yes,,23/12/20
12101,4867,BLACKBERRIES,DOMESTIC,54,DOMESTIC,34,Pallet,Yes,,23/12/20
12102,3699,BLACKBERRIES,DOMESTIC,59,DOMESTIC,34,Pallet,Yes,,23/12/20
12102,4867,BLACKBERRIES,DOMESTIC,54,DOMESTIC,34,Pallet,Yes,,23/12/20
12103,3699,BLACKBERRIES,DOMESTIC,59,DOMESTIC,34,Pallet,Yes,,23/12/20
12103,4867,BLACKBERRIES,DOMESTIC,54,DOMESTIC,34,Pallet,Yes,,23/12/20
12048,3699,BLUEBERRIES,IMPORT-IMPORT PRODUCE PROGRAM,100,IMPORT,34,Pallet,Yes,,23/12/20
12048,7095,BLUEBERRIES,IMPORT-IMPORT PRODUCE PROGRAM,140,IMPORT,34,Case,Yes,,23/12/20
12049,3699,BLUEBERRIES,IMPORT-IMPORT PRODUCE PROGRAM,120,IMPORT,34,Pallet,Yes,,23/12/20
12049,7095,BLUEBERRIES,IMPORT-IMPORT PRODUCE PROGRAM,141,IMPORT,34,Case,Yes,,23/12/20
12050,3699,BLUEBERRIES,IMPORT-IMPORT PRODUCE PROGRAM,120,IMPORT,34,Pallet,Yes,,23/12/20
12050,7095,BLUEBERRIES,IMPORT-IMPORT PRODUCE PROGRAM,142,IMPORT,34,Case,Yes,,23/12/20
12051,3699,BLUEBERRIES,IMPORT-IMPORT PRODUCE PROGRAM,140,IMPORT,34,Pallet,Yes,,23/12/20
12051,7095,BLUEBERRIES,IMPORT-IMPORT PRODUCE PROGRAM,142,IMPORT,34,Case,Yes,,23/12/20
12052,3699,BLUEBERRIES,IMPORT-IMPORT PRODUCE PROGRAM,100,IMPORT,34,Pallet,Yes,,23/12/20
12052,7095,BLUEBERRIES,IMPORT-IMPORT PRODUCE PROGRAM,140,IMPORT,34,Case,Yes,,23/12/20
12101,3699,BLUEBERRIES,IMPORT-IMPORT PRODUCE PROGRAM,60,IMPORT,34,Pallet,Yes,,23/12/20
12101,7095,BLUEBERRIES,IMPORT-IMPORT PRODUCE PROGRAM,141,IMPORT,34,Case,Yes,,23/12/20
12102,3699,BLUEBERRIES,IMPORT-IMPORT PRODUCE PROGRAM,61,IMPORT,34,Pallet,Yes,,23/12/20
12102,7095,BLUEBERRIES,IMPORT-IMPORT PRODUCE PROGRAM,140,IMPORT,34,Case,Yes,,23/12/20
12103,3699,BLUEBERRIES,IMPORT-IMPORT PRODUCE PROGRAM,61,IMPORT,34,Pallet,Yes,,23/12/20
12103,7095,BLUEBERRIES,IMPORT-IMPORT PRODUCE PROGRAM,109,IMPORT,34,Case,Yes,,23/12/20
12101,4867,BLUEBERRIES,IMPORT,382,IMPORT,34,Pallet,Yes,Fumigation ,23/12/20
12102,4867,BLUEBERRIES,IMPORT,362,IMPORT,34,Pallet,Yes,Fumigation ,23/12/20
12103,4867,BLUEBERRIES,IMPORT,371,IMPORT,34,Pallet,Yes,Fumigation ,23/12/20
12048,4867,BLUEBERRIES,DOMESTIC,47,DOMESTIC,34,Case,Yes,,23/12/20
12049,4867,BLUEBERRIES,DOMESTIC,47,DOMESTIC,34,Case,Yes,,23/12/20
12050,4867,BLUEBERRIES,DOMESTIC,47,DOMESTIC,34,Case,Yes,,23/12/20
12051,4867,BLUEBERRIES,DOMESTIC,47,DOMESTIC,34,Case,Yes,,23/12/20
12052,4867,BLUEBERRIES,DOMESTIC,47,DOMESTIC,34,Case,Yes,,23/12/20
12101,4867,BLUEBERRIES,DOMESTIC,47,DOMESTIC,34,Case,Yes,,23/12/20
12102,4867,BLUEBERRIES,DOMESTIC,47,DOMESTIC,34,Case,Yes,,23/12/20
12103,4867,BLUEBERRIES,DOMESTIC,47,DOMESTIC,34,Case,Yes,,23/12/20
12048,7095,BROCCOLI,Import,175,Import,34,Pallet,Yes,,23/12/20
12049,7095,BROCCOLI,Import,175,Import,34,Pallet,Yes,,23/12/20
12050,7095,BROCCOLI,Import,75,Import,34,Pallet,Yes,,23/12/20
12051,7095,BROCCOLI,Import,75,Import,34,Pallet,Yes,,23/12/20
12052,7095,BROCCOLI,Import,75,Import,34,Pallet,Yes,,23/12/20
12049,4867,CANTALOUPES,IMPORT-IMPORT PRODUCE PROGRAM,35,IMPORT,34,Pallet,,,23/12/20
12050,4867,CANTALOUPES,IMPORT-IMPORT PRODUCE PROGRAM,39,IMPORT,34,Pallet,,,23/12/20
12051,4867,CANTALOUPES,IMPORT-IMPORT PRODUCE PROGRAM,40,IMPORT,34,Pallet,,,23/12/20
12052,4867,CANTALOUPES,IMPORT-IMPORT PRODUCE PROGRAM,40,IMPORT,34,Pallet,,,23/12/20
12101,4867,CANTALOUPES,IMPORT-IMPORT PRODUCE PROGRAM,44,IMPORT,34,Pallet,,,23/12/20
12102,4867,CANTALOUPES,IMPORT-IMPORT PRODUCE PROGRAM,45,IMPORT,34,Pallet,,,23/12/20
12103,4867,CANTALOUPES,IMPORT-IMPORT PRODUCE PROGRAM,45,IMPORT,34,Pallet,,,23/12/20
12048,7095,CAULIFLOWER,Import,103,Import,34,Pallet,Yes,,23/12/20
12049,7095,CAULIFLOWER,Import,103,Import,34,Pallet,Yes,,23/12/20
12050,7095,CAULIFLOWER,Import,52,Import,34,Pallet,Yes,,23/12/20
12051,7095,CAULIFLOWER,Import,63,Import,34,Pallet,Yes,,23/12/20
12052,7095,CAULIFLOWER,Import,52,Import,34,Pallet,Yes,,23/12/20
12048,7095,CELERY,Import,198,Import,34,Pallet,Yes,,23/12/20
12049,7095,CELERY,Import,198,Import,34,Pallet,Yes,,23/12/20
12050,7095,CELERY,Import,126,Import,34,Pallet,Yes,,23/12/20
12051,7095,CELERY,Import,136,Import,34,Pallet,Yes,,23/12/20
12052,7095,CELERY,Import,126,Import,34,Pallet,Yes,,23/12/20
12048,7095,CHERRIES,IMPORT,20,IMPORT,34,Pallet,,,23/12/20
12049,7095,CHERRIES,IMPORT,20,IMPORT,34,Pallet,,,23/12/20
12050,7095,CHERRIES,IMPORT,20,IMPORT,34,Pallet,,,23/12/20
12051,7095,CHERRIES,IMPORT,20,IMPORT,34,Pallet,,,23/12/20
12052,7095,CHERRIES,IMPORT,20,IMPORT,34,Pallet,,,23/12/20
12101,7095,CHERRIES,IMPORT,17,IMPORT,34,Pallet,,,23/12/20
12102,7095,CHERRIES,IMPORT,17,IMPORT,34,Pallet,,,23/12/20
12103,7095,CHERRIES,IMPORT,12,IMPORT,34,Pallet,,,23/12/20
12048,7095,CHILIS,WORLD VARIETY PRODUCE INC,100,DOMESTIC,48,Case and Pallet,,,23/12/20
12049,7095,CHILIS,WORLD VARIETY PRODUCE INC,94,DOMESTIC,48,Case and Pallet,,,23/12/20
12050,7095,CHILIS,WORLD VARIETY PRODUCE INC,92,DOMESTIC,48,Case and Pallet,,,23/12/20
12051,7095,CHILIS,WORLD VARIETY PRODUCE INC,95,DOMESTIC,48,Case and Pallet,,,23/12/20
12052,7095,CHILIS,WORLD VARIETY PRODUCE INC,92,DOMESTIC,48,Case and Pallet,,,23/12/20
12101,7095,CHILIS,WORLD VARIETY PRODUCE INC,103,DOMESTIC,48,Case and Pallet,,,23/12/20
12102,7095,CHILIS,WORLD VARIETY PRODUCE INC,108,DOMESTIC,48,Case and Pallet,,,23/12/20
12103,7095,CHILIS,WORLD VARIETY PRODUCE INC,91,DOMESTIC,48,Case and Pallet,,,23/12/20
12048,7095,CILANTRO,,30,DOMESTIC,34,Pallet,,,23/12/20
12049,7095,CILANTRO,,30,DOMESTIC,34,Pallet,,,23/12/20
12050,7095,CILANTRO,,30,DOMESTIC,34,Pallet,,,23/12/20
12051,7095,CILANTRO,,30,DOMESTIC,34,Pallet,,,23/12/20
12052,7095,CILANTRO,,30,DOMESTIC,34,Pallet,,,23/12/20
12101,7095,CILANTRO,,30,DOMESTIC,34,Pallet,,,23/12/20
12102,7095,CILANTRO,,30,DOMESTIC,34,Pallet,,,23/12/20
12103,7095,CILANTRO,,30,DOMESTIC,34,Pallet,,,23/12/20
12048,3699,CORN,TWIN GARDEN SALES INC,89,DOMESTIC,34,Case,,,23/12/20
12048,4867,CORN,PIONEER GROWERS COOPERATIVE,30,DOMESTIC,34,Pallet,,,23/12/20
12048,7095,CORN,FIVE CROWNS INC,92,DOMESTIC,34,Case,,,23/12/20
12049,3699,CORN,TWIN GARDEN SALES INC,91,DOMESTIC,34,Case,,,23/12/20
12049,4867,CORN,PIONEER GROWERS COOPERATIVE,31,DOMESTIC,34,Pallet,,,23/12/20
12049,7095,CORN,FIVE CROWNS INC,93,DOMESTIC,34,Case,,,23/12/20
12050,3699,CORN,TWIN GARDEN SALES INC,94,DOMESTIC,34,Case,,,23/12/20
12050,4867,CORN,PIONEER GROWERS COOPERATIVE,31,DOMESTIC,34,Pallet,,,23/12/20
12050,7095,CORN,FIVE CROWNS INC,95,DOMESTIC,34,Case,,,23/12/20
12051,3699,CORN,TWIN GARDEN SALES INC,84,DOMESTIC,34,Case,,,23/12/20
12051,4867,CORN,PIONEER GROWERS COOPERATIVE,28,DOMESTIC,34,Pallet,,,23/12/20
12051,7095,CORN,FIVE CROWNS INC,85,DOMESTIC,34,Case,,,23/12/20
12052,3699,CORN,TWIN GARDEN SALES INC,85,DOMESTIC,34,Case,,,23/12/20
12052,4867,CORN,PIONEER GROWERS COOPERATIVE,28,DOMESTIC,34,Pallet,,,23/12/20
12052,7095,CORN,FIVE CROWNS INC,86,DOMESTIC,34,Case,,,23/12/20
12101,3699,CORN,TWIN GARDEN SALES INC,90,DOMESTIC,34,Case,,,23/12/20
12101,4867,CORN,PIONEER GROWERS COOPERATIVE,29,DOMESTIC,34,Pallet,,,23/12/20
12101,7095,CORN,FIVE CROWNS INC,91,DOMESTIC,34,Case,,,23/12/20
12102,3699,CORN,TWIN GARDEN SALES INC,85,DOMESTIC,34,Case,,,23/12/20
12102,4867,CORN,PIONEER GROWERS COOPERATIVE,27,DOMESTIC,34,Pallet,,,23/12/20
12102,7095,CORN,FIVE CROWNS INC,92,DOMESTIC,34,Case,,,23/12/20
12103,3699,CORN,TWIN GARDEN SALES INC,96,DOMESTIC,34,Case,,,23/12/20
12103,4867,CORN,PIONEER GROWERS COOPERATIVE,31,DOMESTIC,34,Pallet,,,23/12/20
12103,7095,CORN,FIVE CROWNS INC,96,DOMESTIC,34,Case,,,23/12/20
12048,7095,CUCUMBERS,WILSON PRODUCE LLC,15,DOMESTIC,48,Case,,,23/12/20
12049,7095,CUCUMBERS,WILSON PRODUCE LLC,17,DOMESTIC,48,Case,,,23/12/20
12050,7095,CUCUMBERS,WILSON PRODUCE LLC,17,DOMESTIC,48,Case,,,23/12/20
12051,7095,CUCUMBERS,WILSON PRODUCE LLC,17,DOMESTIC,48,Case,,,23/12/20
12052,7095,CUCUMBERS,WILSON PRODUCE LLC,17,DOMESTIC,48,Case,,,23/12/20
12101,7095,CUCUMBERS,WILSON PRODUCE LLC,18,DOMESTIC,48,Case,,,23/12/20
12102,7095,CUCUMBERS,WILSON PRODUCE LLC,18,DOMESTIC,48,Case,,,23/12/20
12103,7095,CUCUMBERS,WILSON PRODUCE LLC,17,DOMESTIC,48,Case,,,23/12/20
12048,7095,CURLY PARSLEY,,12,DOMESTIC,34,Pallet,,,23/12/20
12049,7095,CURLY PARSLEY,,12,DOMESTIC,34,Pallet,,,23/12/20
12050,7095,CURLY PARSLEY,,12,DOMESTIC,34,Pallet,,,23/12/20
12051,7095,CURLY PARSLEY,,12,DOMESTIC,34,Pallet,,,23/12/20
12052,7095,CURLY PARSLEY,,12,DOMESTIC,34,Pallet,,,23/12/20
12101,7095,CURLY PARSLEY,,12,DOMESTIC,34,Pallet,,,23/12/20
12102,7095,CURLY PARSLEY,,12,DOMESTIC,34,Pallet,,,23/12/20
12103,7095,CURLY PARSLEY,,12,DOMESTIC,34,Pallet,,,23/12/20
12048,3699,ETHNIC ROOTS,W P PRODUCE CORP,22,DOMESTIC,34,Pallet,,,23/12/20
12048,4867,ETHNIC ROOTS,"J & C ENTERPRISES, INC",43,DOMESTIC,34,Pallet,,,23/12/20
12048,7095,ETHNIC ROOTS,FRESHWAY PRODUCE INC,8,DOMESTIC,34,Pallet,,,23/12/20
12049,3699,ETHNIC ROOTS,W P PRODUCE CORP,21,DOMESTIC,34,Pallet,,,23/12/20
12049,4867,ETHNIC ROOTS,"J & C ENTERPRISES, INC",41,DOMESTIC,34,Pallet,,,23/12/20
12049,7095,ETHNIC ROOTS,FRESHWAY PRODUCE INC,7,DOMESTIC,34,Pallet,,,23/12/20
12050,3699,ETHNIC ROOTS,W P PRODUCE CORP,20,DOMESTIC,34,Pallet,,,23/12/20
12050,4867,ETHNIC ROOTS,"J & C ENTERPRISES, INC",40,DOMESTIC,34,Pallet,,,23/12/20
12050,7095,ETHNIC ROOTS,FRESHWAY PRODUCE INC,7,DOMESTIC,34,Pallet,,,23/12/20
12051,3699,ETHNIC ROOTS,W P PRODUCE CORP,19,DOMESTIC,34,Pallet,,,23/12/20
12051,4867,ETHNIC ROOTS,"J & C ENTERPRISES, INC",40,DOMESTIC,34,Pallet,,,23/12/20
12051,7095,ETHNIC ROOTS,FRESHWAY PRODUCE INC,7,DOMESTIC,34,Pallet,,,23/12/20
12052,3699,ETHNIC ROOTS,W P PRODUCE CORP,19,DOMESTIC,34,Pallet,,,23/12/20
12052,4867,ETHNIC ROOTS,"J & C ENTERPRISES, INC",38,DOMESTIC,34,Pallet,,,23/12/20
12052,7095,ETHNIC ROOTS,FRESHWAY PRODUCE INC,7,DOMESTIC,34,Pallet,,,23/12/20
12101,3699,ETHNIC ROOTS,W P PRODUCE CORP,19,DOMESTIC,34,Pallet,,,23/12/20
12101,4867,ETHNIC ROOTS,"J & C ENTERPRISES, INC",39,DOMESTIC,34,Pallet,,,23/12/20
12101,7095,ETHNIC ROOTS,FRESHWAY PRODUCE INC,7,DOMESTIC,34,Pallet,,,23/12/20
12102,3699,ETHNIC ROOTS,W P PRODUCE CORP,19,DOMESTIC,34,Pallet,,,23/12/20
12102,4867,ETHNIC ROOTS,"J & C ENTERPRISES, INC",38,DOMESTIC,34,Pallet,,,23/12/20
12102,7095,ETHNIC ROOTS,FRESHWAY PRODUCE INC,7,DOMESTIC,34,Pallet,,,23/12/20
12103,3699,ETHNIC ROOTS,W P PRODUCE CORP,19,DOMESTIC,34,Pallet,,,23/12/20
12103,4867,ETHNIC ROOTS,"J & C ENTERPRISES, INC",39,DOMESTIC,34,Pallet,,,23/12/20
12103,7095,ETHNIC ROOTS,FRESHWAY PRODUCE INC,7,DOMESTIC,34,Pallet,,,23/12/20
12048,3699,GRAPES,IMPORT-IMPORT PRODUCE PROGRAM,487,IMPORT,34,Pallet,,Cold Treatment,23/12/20
12048,4867,GRAPES,IMPORT-IMPORT PRODUCE PROGRAM,760,IMPORT,34,Pallet,,Cold Treatment,23/12/20
12048,7095,GRAPES,IMPORT-IMPORT PRODUCE PROGRAM,681,IMPORT,34,Pallet,,Cold Treatment,23/12/20
12049,3699,GRAPES,IMPORT-IMPORT PRODUCE PROGRAM,489,IMPORT,34,Pallet,,Cold Treatment,23/12/20
12049,4867,GRAPES,IMPORT-IMPORT PRODUCE PROGRAM,741,IMPORT,34,Pallet,,Cold Treatment,23/12/20
12049,7095,GRAPES,IMPORT-IMPORT PRODUCE PROGRAM,647,IMPORT,34,Pallet,,Cold Treatment,23/12/20
12050,3699,GRAPES,IMPORT-IMPORT PRODUCE PROGRAM,484,IMPORT,34,Pallet,,Cold Treatment,23/12/20
12050,4867,GRAPES,IMPORT-IMPORT PRODUCE PROGRAM,758,IMPORT,34,Pallet,,Cold Treatment,23/12/20
12050,7095,GRAPES,IMPORT-IMPORT PRODUCE PROGRAM,630,IMPORT,34,Pallet,,Cold Treatment,23/12/20
12051,3699,GRAPES,IMPORT-IMPORT PRODUCE PROGRAM,484,IMPORT,34,Pallet,,Cold Treatment,23/12/20
12051,4867,GRAPES,IMPORT-IMPORT PRODUCE PROGRAM,786,IMPORT,34,Pallet,,Cold Treatment,23/12/20
12051,7095,GRAPES,IMPORT-IMPORT PRODUCE PROGRAM,657,IMPORT,34,Pallet,,Cold Treatment,23/12/20
12052,3699,GRAPES,IMPORT-IMPORT PRODUCE PROGRAM,655,IMPORT,34,Pallet,,Cold Treatment,23/12/20
12052,4867,GRAPES,IMPORT-IMPORT PRODUCE PROGRAM,761,IMPORT,34,Pallet,,Cold Treatment,23/12/20
12052,7095,GRAPES,IMPORT-IMPORT PRODUCE PROGRAM,642,IMPORT,34,Pallet,,Cold Treatment,23/12/20
12101,3699,GRAPES,IMPORT-IMPORT PRODUCE PROGRAM,200,IMPORT,34,Pallet,,Cold Treatment,23/12/20
12101,4867,GRAPES,IMPORT-IMPORT PRODUCE PROGRAM,279,IMPORT,34,Pallet,,Cold Treatment,23/12/20
12101,7095,GRAPES,IMPORT-IMPORT PRODUCE PROGRAM,250,IMPORT,34,Pallet,,Cold Treatment,23/12/20
12102,3699,GRAPES,IMPORT-IMPORT PRODUCE PROGRAM,200,IMPORT,34,Pallet,,Cold Treatment,23/12/20
12102,7095,GRAPES,IMPORT-IMPORT PRODUCE PROGRAM,250,IMPORT,34,Pallet,,Cold Treatment,23/12/20
12103,7095,GRAPES,IMPORT,500,IMPORT,34,Pallet,,Cold Treatment,23/12/20
12103,3699,GRAPES,IMPORT,314,IMPORT,34,Pallet,,Cold Treatment,23/12/20
12103,4867,GRAPES,IMPORT,500,IMPORT,34,Pallet,,Cold Treatment,23/12/20
12102,4867,GRAPES,IMPORT,500,IMPORT,34,Pallet,,Cold Treatment,23/12/20
12103,7095,GRAPES,IMPORT,250,IMPORT,34,Pallet,,Fumigation ,23/12/20
12103,3699,GRAPES,IMPORT,200,IMPORT,34,Pallet,,Fumigation ,23/12/20
12103,4867,GRAPES,IMPORT,266,IMPORT,34,Pallet,,Fumigation ,23/12/20
12102,4867,GRAPES,IMPORT,266,IMPORT,34,Pallet,,Fumigation ,23/12/20
12048,7095,GREEN ONIONS,,56,DOMESTIC,34,Pallet,,,23/12/20
12049,7095,GREEN ONIONS,,56,DOMESTIC,34,Pallet,,,23/12/20
12050,7095,GREEN ONIONS,,56,DOMESTIC,34,Pallet,,,23/12/20
12051,7095,GREEN ONIONS,,56,DOMESTIC,34,Pallet,,,23/12/20
12052,7095,GREEN ONIONS,,56,DOMESTIC,34,Pallet,,,23/12/20
12101,7095,GREEN ONIONS,,56,DOMESTIC,34,Pallet,,,23/12/20
12048,3699,GREENS,CH ROBINSON COMPANY INC,47,DOMESTIC,34,Case,,,23/12/20
12048,4867,GREENS,WALTER P RAWL & SONS INC,4,DOMESTIC,34,Case,,,23/12/20
12049,3699,GREENS,CH ROBINSON COMPANY INC,42,DOMESTIC,34,Case,,,23/12/20
12049,4867,GREENS,WALTER P RAWL & SONS INC,5,DOMESTIC,34,Case,,,23/12/20
12050,3699,GREENS,CH ROBINSON COMPANY INC,41,DOMESTIC,34,Case,,,23/12/20
12050,4867,GREENS,WALTER P RAWL & SONS INC,4,DOMESTIC,34,Case,,,23/12/20
12051,3699,GREENS,CH ROBINSON COMPANY INC,41,DOMESTIC,34,Case,,,23/12/20
12051,4867,GREENS,WALTER P RAWL & SONS INC,4,DOMESTIC,34,Case,,,23/12/20
12052,3699,GREENS,CH ROBINSON COMPANY INC,42,DOMESTIC,34,Case,,,23/12/20
12052,4867,GREENS,WALTER P RAWL & SONS INC,4,DOMESTIC,34,Case,,,23/12/20
12101,3699,GREENS,CH ROBINSON COMPANY INC,40,DOMESTIC,34,Case,,,23/12/20
12101,4867,GREENS,WALTER P RAWL & SONS INC,4,DOMESTIC,34,Case,,,23/12/20
12102,3699,GREENS,CH ROBINSON COMPANY INC,41,DOMESTIC,34,Case,,,23/12/20
12102,4867,GREENS,WALTER P RAWL & SONS INC,4,DOMESTIC,34,Case,,,23/12/20
12103,3699,GREENS,CH ROBINSON COMPANY INC,41,DOMESTIC,34,Case,,,23/12/20
12103,4867,GREENS,WALTER P RAWL & SONS INC,4,DOMESTIC,34,Case,,,23/12/20
12048,7095,ITALIAN PARSLEY,,12,DOMESTIC,34,Pallet,,,23/12/20
12049,7095,ITALIAN PARSLEY,,12,DOMESTIC,34,Pallet,,,23/12/20
12050,7095,ITALIAN PARSLEY,,12,DOMESTIC,34,Pallet,,,23/12/20
12051,7095,ITALIAN PARSLEY,,12,DOMESTIC,34,Pallet,,,23/12/20
12052,7095,ITALIAN PARSLEY,,12,DOMESTIC,34,Pallet,,,23/12/20
12101,7095,ITALIAN PARSLEY,,12,DOMESTIC,34,Pallet,,,23/12/20
12102,7095,ITALIAN PARSLEY,,12,DOMESTIC,34,Pallet,,,23/12/20
12103,7095,ITALIAN PARSLEY,,12,DOMESTIC,34,Pallet,,,23/12/20
12048,3699,KIWI,AJ TRUCCO INC,79,DOMESTIC,34,Pallet,,Fumigation,23/12/20
12048,3699,KIWI,AWE SUM ORGANICS INC,3,DOMESTIC,34,Pallet,,Fumigation,23/12/20
12048,4867,KIWI,AJ TRUCCO INC,40,DOMESTIC,34,Pallet,,Fumigation,23/12/20
12048,4867,KIWI,DAVID OPPENHEIMER & CO 1 LLC,10,DOMESTIC,34,Pallet,,Fumigation,23/12/20
12048,7095,KIWI,DAVID OPPENHEIMER & CO 1 LLC,4,DOMESTIC,34,Pallet,,Fumigation,23/12/20
12048,7095,KIWI,"WILD RIVER MARKETING, INC.",6,DOMESTIC,34,Pallet,,Fumigation,23/12/20
12049,3699,KIWI,AJ TRUCCO INC,97,DOMESTIC,34,Pallet,,Fumigation,23/12/20
12049,3699,KIWI,AWE SUM ORGANICS INC,4,DOMESTIC,34,Pallet,,Fumigation,23/12/20
12049,4867,KIWI,AJ TRUCCO INC,50,DOMESTIC,34,Pallet,,Fumigation,23/12/20
12049,4867,KIWI,DAVID OPPENHEIMER & CO 1 LLC,12,DOMESTIC,34,Pallet,,Fumigation,23/12/20
12049,7095,KIWI,DAVID OPPENHEIMER & CO 1 LLC,4,DOMESTIC,34,Pallet,,Fumigation,23/12/20
12049,7095,KIWI,"WILD RIVER MARKETING, INC.",7,DOMESTIC,34,Pallet,,Fumigation,23/12/20
12050,3699,KIWI,AJ TRUCCO INC,102,DOMESTIC,34,Pallet,,Fumigation,23/12/20
12050,3699,KIWI,AWE SUM ORGANICS INC,4,DOMESTIC,34,Pallet,,Fumigation,23/12/20
12050,4867,KIWI,AJ TRUCCO INC,53,DOMESTIC,34,Pallet,,Fumigation,23/12/20
12050,4867,KIWI,DAVID OPPENHEIMER & CO 1 LLC,11,DOMESTIC,34,Pallet,,Fumigation,23/12/20
12050,7095,KIWI,DAVID OPPENHEIMER & CO 1 LLC,4,DOMESTIC,34,Pallet,,Fumigation,23/12/20
12050,7095,KIWI,"WILD RIVER MARKETING, INC.",7,DOMESTIC,34,Pallet,,Fumigation,23/12/20
12051,3699,KIWI,AJ TRUCCO INC,97,DOMESTIC,34,Pallet,,Fumigation,23/12/20
12051,3699,KIWI,AWE SUM ORGANICS INC,4,DOMESTIC,34,Pallet,,Fumigation,23/12/20
12051,4867,KIWI,AJ TRUCCO INC,51,DOMESTIC,34,Pallet,,Fumigation,23/12/20
12051,4867,KIWI,DAVID OPPENHEIMER & CO 1 LLC,12,DOMESTIC,34,Pallet,,Fumigation,23/12/20
12051,7095,KIWI,DAVID OPPENHEIMER & CO 1 LLC,4,DOMESTIC,34,Pallet,,Fumigation,23/12/20
12051,7095,KIWI,"WILD RIVER MARKETING, INC.",7,DOMESTIC,34,Pallet,,Fumigation,23/12/20
12052,3699,KIWI,AJ TRUCCO INC,92,DOMESTIC,34,Pallet,,Fumigation,23/12/20
12052,3699,KIWI,AWE SUM ORGANICS INC,4,DOMESTIC,34,Pallet,,Fumigation,23/12/20
12052,4867,KIWI,AJ TRUCCO INC,48,DOMESTIC,34,Pallet,,Fumigation,23/12/20
12052,4867,KIWI,DAVID OPPENHEIMER & CO 1 LLC,11,DOMESTIC,34,Pallet,,Fumigation,23/12/20
12052,7095,KIWI,DAVID OPPENHEIMER & CO 1 LLC,4,DOMESTIC,34,Pallet,,Fumigation,23/12/20
12052,7095,KIWI,"WILD RIVER MARKETING, INC.",7,DOMESTIC,34,Pallet,,Fumigation,23/12/20
12101,3699,KIWI,AJ TRUCCO INC,93,DOMESTIC,34,Pallet,,Fumigation,23/12/20
12101,3699,KIWI,AWE SUM ORGANICS INC,4,DOMESTIC,34,Pallet,,Fumigation,23/12/20
12101,4867,KIWI,AJ TRUCCO INC,49,DOMESTIC,34,Pallet,,Fumigation,23/12/20
12101,4867,KIWI,DAVID OPPENHEIMER & CO 1 LLC,11,DOMESTIC,34,Pallet,,Fumigation,23/12/20
12101,7095,KIWI,DAVID OPPENHEIMER & CO 1 LLC,4,DOMESTIC,34,Pallet,,Fumigation,23/12/20
12101,7095,KIWI,"WILD RIVER MARKETING, INC.",7,DOMESTIC,34,Pallet,,Fumigation,23/12/20
12102,3699,KIWI,AJ TRUCCO INC,94,DOMESTIC,34,Pallet,,Fumigation,23/12/20
12102,3699,KIWI,AWE SUM ORGANICS INC,4,DOMESTIC,34,Pallet,,Fumigation,23/12/20
12102,4867,KIWI,AJ TRUCCO INC,50,DOMESTIC,34,Pallet,,Fumigation,23/12/20
12102,4867,KIWI,DAVID OPPENHEIMER & CO 1 LLC,10,DOMESTIC,34,Pallet,,Fumigation,23/12/20
12102,7095,KIWI,DAVID OPPENHEIMER & CO 1 LLC,4,DOMESTIC,34,Pallet,,Fumigation,23/12/20
12102,7095,KIWI,"WILD RIVER MARKETING, INC.",7,DOMESTIC,34,Pallet,,Fumigation,23/12/20
12103,3699,KIWI,AJ TRUCCO INC,90,DOMESTIC,34,Pallet,,Fumigation,23/12/20
12103,3699,KIWI,AWE SUM ORGANICS INC,4,DOMESTIC,34,Pallet,,Fumigation,23/12/20
12103,4867,KIWI,AJ TRUCCO INC,49,DOMESTIC,34,Pallet,,Fumigation,23/12/20
12103,4867,KIWI,DAVID OPPENHEIMER & CO 1 LLC,9,DOMESTIC,34,Pallet,,Fumigation,23/12/20
12103,7095,KIWI,DAVID OPPENHEIMER & CO 1 LLC,3,DOMESTIC,34,Pallet,,Fumigation,23/12/20
12103,7095,KIWI,"WILD RIVER MARKETING, INC.",7,DOMESTIC,34,Pallet,,Fumigation,23/12/20
12048,7095,LETTUCE,Import,360,Import,34,Case,Yes,,23/12/20
12049,7095,LETTUCE,Import,358,Import,34,Case,Yes,,23/12/20
12050,7095,LETTUCE,Import,162,Import,34,Case,Yes,,23/12/20
12051,7095,LETTUCE,Import,166,Import,34,Case,Yes,,23/12/20
12052,7095,LETTUCE,Import,162,Import,34,Case,Yes,,23/12/20
12048,7095,LIMES,LIMONIK PRODUCE INC,140,DOMESTIC,48,Pallet,,,23/12/20
12049,7095,LIMES,LIMONIK PRODUCE INC,121,DOMESTIC,48,Pallet,,,23/12/20
12050,7095,LIMES,LIMONIK PRODUCE INC,116,DOMESTIC,48,Pallet,,,23/12/20
12051,7095,LIMES,LIMONIK PRODUCE INC,121,DOMESTIC,48,Pallet,,,23/12/20
12052,7095,LIMES,LIMONIK PRODUCE INC,120,DOMESTIC,48,Pallet,,,23/12/20
12101,3699,LIMES,ANDEAN SUN PRODUCE LLC,37,DOMESTIC,48,Pallet,,,23/12/20
12101,3699,LIMES,"EARTH SOURCE TRADING, INC.",18,DOMESTIC,48,Pallet,,,23/12/20
12101,7095,LIMES,LIMEX SICAR LTD CO,6,DOMESTIC,48,Pallet,,,23/12/20
12102,3699,LIMES,ANDEAN SUN PRODUCE LLC,37,DOMESTIC,48,Pallet,,,23/12/20
12102,3699,LIMES,"EARTH SOURCE TRADING, INC.",18,DOMESTIC,48,Pallet,,,23/12/20
12102,7095,LIMES,LIMEX SICAR LTD CO,6,DOMESTIC,48,Pallet,,,23/12/20
12103,3699,LIMES,ANDEAN SUN PRODUCE LLC,34,DOMESTIC,48,Pallet,,,23/12/20
12103,3699,LIMES,"EARTH SOURCE TRADING, INC.",17,DOMESTIC,48,Pallet,,,23/12/20
12103,7095,LIMES,LIMEX SICAR LTD CO,6,DOMESTIC,48,Pallet,,,23/12/20
12101,3699,LIMES,IMPORT,8,IMPORT,48,Pallet,,Repack ,23/12/20
12102,3699,LIMES,IMPORT,8,IMPORT,48,Pallet,,Repack ,23/12/20
12103,3699,LIMES,IMPORT,8,IMPORT,48,Pallet,,Repack ,23/12/20
12101,3699,LIMES,IMPORT,12,IMPORT,48,Pallet,,Repack ,23/12/20
12102,3699,LIMES,IMPORT,12,IMPORT,48,Pallet,,Repack ,23/12/20
12103,3699,LIMES,IMPORT,12,IMPORT,48,Pallet,,Repack ,23/12/20
12048,7095,MANGOES,FRESKA PRODUCE INTL LLC,126,DOMESTIC,48,Pallet,,,23/12/20
12049,7095,MANGOES,FRESKA PRODUCE INTL LLC,130,DOMESTIC,48,Pallet,,,23/12/20
12050,7095,MANGOES,FRESKA PRODUCE INTL LLC,132,DOMESTIC,48,Pallet,,,23/12/20
12051,7095,MANGOES,FRESKA PRODUCE INTL LLC,119,DOMESTIC,48,Pallet,,,23/12/20
12052,7095,MANGOES,FRESKA PRODUCE INTL LLC,118,DOMESTIC,48,Pallet,,,23/12/20
12101,7095,MANGOES,FRESKA PRODUCE INTL LLC,140,DOMESTIC,48,Pallet,,,23/12/20
12102,7095,MANGOES,FRESKA PRODUCE INTL LLC,137,DOMESTIC,48,Pallet,,,23/12/20
12103,7095,MANGOES,FRESKA PRODUCE INTL LLC,135,DOMESTIC,48,Pallet,,,23/12/20
12048,3699,MANGOES,IMPORT,80,IMPORT,48,Pallet,,,23/12/20
12048,3699,MANGOES,IMPORT,80,IMPORT,48,Pallet,,,23/12/20
12048,4867,MANGOES,IMPORT,80,IMPORT,48,Pallet,,,23/12/20
12048,4867,MANGOES,IMPORT,80,IMPORT,48,Pallet,,,23/12/20
12049,3699,MANGOES,IMPORT,100,IMPORT,48,Pallet,,,23/12/20
12049,4867,MANGOES,IMPORT,140,IMPORT,48,Pallet,,,23/12/20
12050,3699,MANGOES,IMPORT,100,IMPORT,48,Pallet,,,23/12/20
12050,4867,MANGOES,IMPORT,80,IMPORT,48,Pallet,,,23/12/20
12051,4867,MANGOES,IMPORT,60,IMPORT,48,Pallet,,,23/12/20
12101,3699,MANGOES,IMPORT,60,IMPORT,48,Pallet,,,23/12/20
12101,4867,MANGOES,IMPORT,60,IMPORT,48,Pallet,,,23/12/20
12102,3699,MANGOES,IMPORT,60,IMPORT,48,Pallet,,,23/12/20
12102,4867,MANGOES,IMPORT,60,IMPORT,48,Pallet,,,23/12/20
12103,3699,MANGOES,IMPORT,60,IMPORT,48,Pallet,,,23/12/20
12103,4867,MANGOES,IMPORT,60,IMPORT,48,Pallet,,,23/12/20
12050,4867,MELONS,IMPORT,40,IMPORT,48,Pallet,,,23/12/20
12051,4867,MELONS,IMPORT,40,IMPORT,48,Pallet,,,23/12/20
12052,4867,MELONS,IMPORT,40,IMPORT,48,Pallet,,,23/12/20
12101,4867,MELONS,IMPORT,20,IMPORT,48,Pallet,,,23/12/20
12102,4867,MELONS,IMPORT,20,IMPORT,48,Pallet,,,23/12/20
12103,4867,MELONS,IMPORT,20,IMPORT,48,Pallet,,,23/12/20
12048,7095,MIXED VEGETABLES,Import,264,Import,34,Pallet,Yes,,23/12/20
12049,7095,MIXED VEGETABLES,Import,230,Import,34,Pallet,Yes,,23/12/20
12050,7095,MIXED VEGETABLES,Import,230,Import,34,Pallet,Yes,,23/12/20
12051,7095,MIXED VEGETABLES,Import,230,Import,34,Pallet,Yes,,23/12/20
12052,7095,MIXED VEGETABLES,Import,230,Import,34,Pallet,Yes,,23/12/20
12101,7095,MIXED VEGETABLES,Import,24,Import,34,Pallet,Yes,,23/12/20
12049,3699,NECTARINES,DAVID OPPENHEIMER & CO 1 LLC,2,DOMESTIC,34,Pallet,,,23/12/20
12049,3699,NECTARINES,FOREVER FRESH LLC,2,DOMESTIC,34,Pallet,,,23/12/20
12049,3699,NECTARINES,WILLIAM H KOPKE JR INC,6,DOMESTIC,34,Pallet,,,23/12/20
12050,3699,NECTARINES,DAVID OPPENHEIMER & CO 1 LLC,2,DOMESTIC,34,Pallet,,,23/12/20
12050,3699,NECTARINES,FOREVER FRESH LLC,2,DOMESTIC,34,Pallet,,,23/12/20
12050,3699,NECTARINES,WILLIAM H KOPKE JR INC,6,DOMESTIC,34,Pallet,,,23/12/20
12050,4867,NECTARINES,IMPORT-IMPORT PRODUCE PROGRAM,7,IMPORT,34,Pallet,,,23/12/20
12050,7095,NECTARINES,IMPORT-IMPORT PRODUCE PROGRAM,5,IMPORT,34,Pallet,,,23/12/20
12051,3699,NECTARINES,DAVID OPPENHEIMER & CO 1 LLC,8,DOMESTIC,34,Pallet,,,23/12/20
12051,3699,NECTARINES,FOREVER FRESH LLC,6,DOMESTIC,34,Pallet,,,23/12/20
12051,3699,NECTARINES,WILLIAM H KOPKE JR INC,23,DOMESTIC,34,Pallet,,,23/12/20
12051,4867,NECTARINES,IMPORT-IMPORT PRODUCE PROGRAM,25,IMPORT,34,Pallet,,,23/12/20
12051,7095,NECTARINES,IMPORT-IMPORT PRODUCE PROGRAM,20,IMPORT,34,Pallet,,,23/12/20
12052,3699,NECTARINES,DAVID OPPENHEIMER & CO 1 LLC,8,DOMESTIC,34,Pallet,,,23/12/20
12052,3699,NECTARINES,FOREVER FRESH LLC,6,DOMESTIC,34,Pallet,,,23/12/20
12052,3699,NECTARINES,WILLIAM H KOPKE JR INC,24,DOMESTIC,34,Pallet,,,23/12/20
12052,4867,NECTARINES,IMPORT-IMPORT PRODUCE PROGRAM,29,IMPORT,34,Pallet,,,23/12/20
12052,7095,NECTARINES,IMPORT-IMPORT PRODUCE PROGRAM,24,IMPORT,34,Pallet,,,23/12/20
12101,3699,NECTARINES,DAVID OPPENHEIMER & CO 1 LLC,9,DOMESTIC,34,Pallet,,,23/12/20
12101,3699,NECTARINES,FOREVER FRESH LLC,7,DOMESTIC,34,Pallet,,,23/12/20
12101,3699,NECTARINES,WILLIAM H KOPKE JR INC,26,DOMESTIC,34,Pallet,,,23/12/20
12101,4867,NECTARINES,IMPORT-IMPORT PRODUCE PROGRAM,34,IMPORT,34,Pallet,,,23/12/20
12101,7095,NECTARINES,IMPORT-IMPORT PRODUCE PROGRAM,28,IMPORT,34,Pallet,,,23/12/20
12102,4867,NECTARINES,IMPORT-IMPORT PRODUCE PROGRAM,36,IMPORT,34,Pallet,,,23/12/20
12102,7095,NECTARINES,IMPORT-IMPORT PRODUCE PROGRAM,30,IMPORT,34,Pallet,,,23/12/20
12103,4867,NECTARINES,IMPORT-IMPORT PRODUCE PROGRAM,37,IMPORT,34,Pallet,,,23/12/20
12103,7095,NECTARINES,IMPORT-IMPORT PRODUCE PROGRAM,33,IMPORT,34,Pallet,,,23/12/20
12048,3699,ONIONS,IMPORT-IMPORT PRODUCE PROGRAM,70,IMPORT,48,Pallet,,Repack,23/12/20
12048,4867,ONIONS,IMPORT-IMPORT PRODUCE PROGRAM,90,IMPORT,48,Pallet,,Repack,23/12/20
12048,7095,ONIONS,FRIEDAS INC,8,DOMESTIC,48,Pallet,,Repack,23/12/20
12048,7095,ONIONS,WORLD VARIETY PRODUCE INC,2,DOMESTIC,48,Pallet,,Repack,23/12/20
12049,3699,ONIONS,IMPORT-IMPORT PRODUCE PROGRAM,70,IMPORT,48,Pallet,,Repack,23/12/20
12049,4867,ONIONS,IMPORT-IMPORT PRODUCE PROGRAM,70,IMPORT,48,Pallet,,Repack,23/12/20
12049,7095,ONIONS,FRIEDAS INC,9,DOMESTIC,48,Pallet,,Repack,23/12/20
12049,7095,ONIONS,WORLD VARIETY PRODUCE INC,2,DOMESTIC,48,Pallet,,Repack,23/12/20
12050,3699,ONIONS,IMPORT-IMPORT PRODUCE PROGRAM,60,IMPORT,48,Pallet,,Repack,23/12/20
12050,4867,ONIONS,IMPORT-IMPORT PRODUCE PROGRAM,70,IMPORT,48,Pallet,,Repack,23/12/20
12050,7095,ONIONS,FRIEDAS INC,8,DOMESTIC,48,Pallet,,Repack,23/12/20
12050,7095,ONIONS,WORLD VARIETY PRODUCE INC,1,DOMESTIC,48,Pallet,,Repack,23/12/20
12051,3699,ONIONS,IMPORT-IMPORT PRODUCE PROGRAM,70,IMPORT,48,Pallet,,Repack,23/12/20
12051,4867,ONIONS,IMPORT-IMPORT PRODUCE PROGRAM,70,IMPORT,48,Pallet,,Repack,23/12/20
12051,7095,ONIONS,FRIEDAS INC,8,DOMESTIC,48,Pallet,,Repack,23/12/20
12051,7095,ONIONS,WORLD VARIETY PRODUCE INC,1,DOMESTIC,48,Pallet,,Repack,23/12/20
12052,3699,ONIONS,IMPORT-IMPORT PRODUCE PROGRAM,70,IMPORT,48,Pallet,,Repack,23/12/20
12052,4867,ONIONS,IMPORT-IMPORT PRODUCE PROGRAM,70,IMPORT,48,Pallet,,Repack,23/12/20
12052,7095,ONIONS,FRIEDAS INC,8,DOMESTIC,48,Pallet,,Repack,23/12/20
12052,7095,ONIONS,WORLD VARIETY PRODUCE INC,1,DOMESTIC,48,Pallet,,Repack,23/12/20
12101,3699,ONIONS,IMPORT-IMPORT PRODUCE PROGRAM,60,IMPORT,48,Pallet,,Repack,23/12/20
12101,4867,ONIONS,IMPORT-IMPORT PRODUCE PROGRAM,70,IMPORT,48,Pallet,,Repack,23/12/20
12101,7095,ONIONS,FRIEDAS INC,8,DOMESTIC,48,Pallet,,Repack,23/12/20
12101,7095,ONIONS,WORLD VARIETY PRODUCE INC,1,DOMESTIC,48,Pallet,,Repack,23/12/20
12102,3699,ONIONS,IMPORT-IMPORT PRODUCE PROGRAM,70,IMPORT,48,Pallet,,Repack,23/12/20
12102,7095,ONIONS,FRIEDAS INC,8,DOMESTIC,48,Pallet,,Repack,23/12/20
12102,7095,ONIONS,WORLD VARIETY PRODUCE INC,1,DOMESTIC,48,Pallet,,Repack,23/12/20
12103,7095,ONIONS,FRIEDAS INC,8,DOMESTIC,48,Pallet,,Repack,23/12/20
12103,7095,ONIONS,WORLD VARIETY PRODUCE INC,1,DOMESTIC,48,Pallet,,Repack,23/12/20
12103,3699,ONIONS,IMPORT,90,IMPORT,48,Pallet,,REPACK,23/12/20
12103,3699,ONIONS,IMPORT,70,IMPORT,48,Pallet,,REPACK,23/12/20
12102,4867,ONIONS,IMPORT,100,IMPORT,48,Pallet,,REPACK,23/12/20
12102,4867,ONIONS,IMPORT,80,IMPORT,48,Pallet,,REPACK,23/12/20
12103,4867,ONIONS,IMPORT,100,IMPORT,48,Pallet,,REPACK,23/12/20
12103,4867,ONIONS,IMPORT,80,IMPORT,48,Pallet,,REPACK,23/12/20
12048,7095,ORG CELERY HEARTS,,11,DOMESTIC,34,Pallet,,,23/12/20
12049,7095,ORG CELERY HEARTS,,11,DOMESTIC,34,Pallet,,,23/12/20
12050,7095,ORG CELERY HEARTS,,11,DOMESTIC,34,Pallet,,,23/12/20
12051,7095,ORG CELERY HEARTS,,11,DOMESTIC,34,Pallet,,,23/12/20
12052,7095,ORG CELERY HEARTS,,11,DOMESTIC,34,Pallet,,,23/12/20
12101,7095,ORG CELERY HEARTS,,11,DOMESTIC,34,Pallet,,,23/12/20
12102,7095,ORG CELERY HEARTS,,11,DOMESTIC,34,Pallet,,,23/12/20
12103,7095,ORG CELERY HEARTS,,11,DOMESTIC,34,Pallet,,,23/12/20
12048,7095,ORG CELERY STALK,,38,DOMESTIC,34,Pallet,,,23/12/20
12049,7095,ORG CELERY STALK,,38,DOMESTIC,34,Pallet,,,23/12/20
12050,7095,ORG CELERY STALK,,38,DOMESTIC,34,Pallet,,,23/12/20
12051,7095,ORG CELERY STALK,,38,DOMESTIC,34,Pallet,,,23/12/20
12052,7095,ORG CELERY STALK,,38,DOMESTIC,34,Pallet,,,23/12/20
12101,7095,ORG CELERY STALK,,38,DOMESTIC,34,Pallet,,,23/12/20
12102,7095,ORG CELERY STALK,,38,DOMESTIC,34,Pallet,,,23/12/20
12103,7095,ORG CELERY STALK,,38,DOMESTIC,34,Pallet,,,23/12/20
12048,4867,ORG MIXED BERRIES,"ALWAYS FRESH FARMS, LLC",4,DOMESTIC,34,Pallet,,,23/12/20
12048,7095,ORG MIXED BERRIES,ANDREW & WILLIAMSON SALES CO.,3,DOMESTIC,34,Pallet,,,23/12/20
12048,7095,ORG MIXED BERRIES,BERRY FRESH LLC,3,DOMESTIC,34,Pallet,,,23/12/20
12048,7095,ORG MIXED BERRIES,DRISCOLLS INC,12,DOMESTIC,34,Pallet,,,23/12/20
12048,7095,ORG MIXED BERRIES,IMPORT-IMPORT PRODUCE PROGRAM,18,IMPORT,34,Pallet,,,23/12/20
12049,4867,ORG MIXED BERRIES,"ALWAYS FRESH FARMS, LLC",4,DOMESTIC,34,Pallet,,,23/12/20
12049,7095,ORG MIXED BERRIES,ANDREW & WILLIAMSON SALES CO.,3,DOMESTIC,34,Pallet,,,23/12/20
12049,7095,ORG MIXED BERRIES,BERRY FRESH LLC,3,DOMESTIC,34,Pallet,,,23/12/20
12049,7095,ORG MIXED BERRIES,DRISCOLLS INC,14,DOMESTIC,34,Pallet,,,23/12/20
12049,7095,ORG MIXED BERRIES,IMPORT-IMPORT PRODUCE PROGRAM,18,IMPORT,34,Pallet,,,23/12/20
12050,4867,ORG MIXED BERRIES,"ALWAYS FRESH FARMS, LLC",5,DOMESTIC,34,Pallet,,,23/12/20
12050,7095,ORG MIXED BERRIES,ANDREW & WILLIAMSON SALES CO.,3,DOMESTIC,34,Pallet,,,23/12/20
12050,7095,ORG MIXED BERRIES,BERRY FRESH LLC,3,DOMESTIC,34,Pallet,,,23/12/20
12050,7095,ORG MIXED BERRIES,DRISCOLLS INC,14,DOMESTIC,34,Pallet,,,23/12/20
12050,7095,ORG MIXED BERRIES,IMPORT-IMPORT PRODUCE PROGRAM,17,IMPORT,34,Pallet,,,23/12/20
12051,4867,ORG MIXED BERRIES,"ALWAYS FRESH FARMS, LLC",6,DOMESTIC,34,Pallet,,,23/12/20
12051,7095,ORG MIXED BERRIES,ANDREW & WILLIAMSON SALES CO.,3,DOMESTIC,34,Pallet,,,23/12/20
12051,7095,ORG MIXED BERRIES,BERRY FRESH LLC,4,DOMESTIC,34,Pallet,,,23/12/20
12051,7095,ORG MIXED BERRIES,DRISCOLLS INC,15,DOMESTIC,34,Pallet,,,23/12/20
12051,7095,ORG MIXED BERRIES,IMPORT-IMPORT PRODUCE PROGRAM,17,IMPORT,34,Pallet,,,23/12/20
12052,4867,ORG MIXED BERRIES,"ALWAYS FRESH FARMS, LLC",5,DOMESTIC,34,Pallet,,,23/12/20
12052,7095,ORG MIXED BERRIES,ANDREW & WILLIAMSON SALES CO.,3,DOMESTIC,34,Pallet,,,23/12/20
12052,7095,ORG MIXED BERRIES,BERRY FRESH LLC,4,DOMESTIC,34,Pallet,,,23/12/20
12052,7095,ORG MIXED BERRIES,DRISCOLLS INC,15,DOMESTIC,34,Pallet,,,23/12/20
12052,7095,ORG MIXED BERRIES,IMPORT-IMPORT PRODUCE PROGRAM,16,IMPORT,34,Pallet,,,23/12/20
12101,7095,ORG MIXED BERRIES,ANDREW & WILLIAMSON SALES CO.,3,DOMESTIC,34,Pallet,,,23/12/20
12101,7095,ORG MIXED BERRIES,BERRY FRESH LLC,6,DOMESTIC,34,Pallet,,,23/12/20
12101,7095,ORG MIXED BERRIES,DRISCOLLS INC,14,DOMESTIC,34,Pallet,,,23/12/20
12101,7095,ORG MIXED BERRIES,IMPORT-IMPORT PRODUCE PROGRAM,17,IMPORT,34,Pallet,,,23/12/20
12102,7095,ORG MIXED BERRIES,ANDREW & WILLIAMSON SALES CO.,3,DOMESTIC,34,Pallet,,,23/12/20
12102,7095,ORG MIXED BERRIES,BERRY FRESH LLC,6,DOMESTIC,34,Pallet,,,23/12/20
12102,7095,ORG MIXED BERRIES,DRISCOLLS INC,14,DOMESTIC,34,Pallet,,,23/12/20
12102,7095,ORG MIXED BERRIES,IMPORT-IMPORT PRODUCE PROGRAM,17,IMPORT,34,Pallet,,,23/12/20
12103,7095,ORG MIXED BERRIES,ANDREW & WILLIAMSON SALES CO.,3,DOMESTIC,34,Pallet,,,23/12/20
12103,7095,ORG MIXED BERRIES,BERRY FRESH LLC,6,DOMESTIC,34,Pallet,,,23/12/20
12103,7095,ORG MIXED BERRIES,DRISCOLLS INC,14,DOMESTIC,34,Pallet,,,23/12/20
12103,7095,ORG MIXED BERRIES,IMPORT-IMPORT PRODUCE PROGRAM,17,IMPORT,34,Pallet,,,23/12/20
12048,7095,ORGANIC COOKING VEG,Import,84,Import,34,Pallet,Yes,,23/12/20
12049,7095,ORGANIC COOKING VEG,Import,84,Import,34,Pallet,Yes,,23/12/20
12050,7095,ORGANIC COOKING VEG,Import,68,Import,34,Pallet,Yes,,23/12/20
12051,7095,ORGANIC COOKING VEG,Import,68,Import,34,Pallet,Yes,,23/12/20
12052,7095,ORGANIC COOKING VEG,Import,59,Import,34,Pallet,Yes,,23/12/20
12048,7095,ORGANIC TRUCK VEG,WILSON PRODUCE LLC,1,DOMESTIC,34,Pallet,,,23/12/20
12049,7095,ORGANIC TRUCK VEG,WILSON PRODUCE LLC,1,DOMESTIC,34,Pallet,,,23/12/20
12050,7095,ORGANIC TRUCK VEG,WILSON PRODUCE LLC,1,DOMESTIC,34,Pallet,,,23/12/20
12051,7095,ORGANIC TRUCK VEG,WILSON PRODUCE LLC,1,DOMESTIC,34,Pallet,,,23/12/20
12052,7095,ORGANIC TRUCK VEG,WILSON PRODUCE LLC,1,DOMESTIC,34,Pallet,,,23/12/20
12101,7095,ORGANIC TRUCK VEG,WILSON PRODUCE LLC,1,DOMESTIC,34,Pallet,,,23/12/20
12102,7095,ORGANIC TRUCK VEG,WILSON PRODUCE LLC,1,DOMESTIC,34,Pallet,,,23/12/20
12103,7095,ORGANIC TRUCK VEG,WILSON PRODUCE LLC,1,DOMESTIC,34,Pallet,,,23/12/20
12048,3699,PAPAYAS,AMAZON PRODUCE NETWORK LLC,9,DOMESTIC,48,Case,,,23/12/20
12048,3699,PAPAYAS,HLB SPECIALTIES LLC,13,DOMESTIC,48,Case,,,23/12/20
12048,4867,PAPAYAS,SKINNER PRODUCE,14,DOMESTIC,48,Case,,,23/12/20
12048,7095,PAPAYAS,CH ROBINSON COMPANY INC,16,DOMESTIC,48,Case,,,23/12/20
12049,3699,PAPAYAS,AMAZON PRODUCE NETWORK LLC,11,DOMESTIC,48,Case,,,23/12/20
12049,3699,PAPAYAS,HLB SPECIALTIES LLC,16,DOMESTIC,48,Case,,,23/12/20
12049,4867,PAPAYAS,SKINNER PRODUCE,16,DOMESTIC,48,Case,,,23/12/20
12049,7095,PAPAYAS,CH ROBINSON COMPANY INC,18,DOMESTIC,48,Case,,,23/12/20
12050,3699,PAPAYAS,AMAZON PRODUCE NETWORK LLC,12,DOMESTIC,48,Case,,,23/12/20
12050,3699,PAPAYAS,HLB SPECIALTIES LLC,17,DOMESTIC,48,Case,,,23/12/20
12050,4867,PAPAYAS,SKINNER PRODUCE,17,DOMESTIC,48,Case,,,23/12/20
12050,7095,PAPAYAS,CH ROBINSON COMPANY INC,20,DOMESTIC,48,Case,,,23/12/20
12051,3699,PAPAYAS,AMAZON PRODUCE NETWORK LLC,11,DOMESTIC,48,Case,,,23/12/20
12051,3699,PAPAYAS,HLB SPECIALTIES LLC,16,DOMESTIC,48,Case,,,23/12/20
12051,4867,PAPAYAS,SKINNER PRODUCE,16,DOMESTIC,48,Case,,,23/12/20
12051,7095,PAPAYAS,CH ROBINSON COMPANY INC,20,DOMESTIC,48,Case,,,23/12/20
12052,3699,PAPAYAS,AMAZON PRODUCE NETWORK LLC,11,DOMESTIC,48,Case,,,23/12/20
12052,3699,PAPAYAS,HLB SPECIALTIES LLC,16,DOMESTIC,48,Case,,,23/12/20
12052,4867,PAPAYAS,SKINNER PRODUCE,15,DOMESTIC,48,Case,,,23/12/20
12052,7095,PAPAYAS,CH ROBINSON COMPANY INC,20,DOMESTIC,48,Case,,,23/12/20
12101,3699,PAPAYAS,AMAZON PRODUCE NETWORK LLC,12,DOMESTIC,48,Case,,,23/12/20
12101,3699,PAPAYAS,HLB SPECIALTIES LLC,18,DOMESTIC,48,Case,,,23/12/20
12101,4867,PAPAYAS,SKINNER PRODUCE,18,DOMESTIC,48,Case,,,23/12/20
12101,7095,PAPAYAS,CH ROBINSON COMPANY INC,23,DOMESTIC,48,Case,,,23/12/20
12102,3699,PAPAYAS,AMAZON PRODUCE NETWORK LLC,13,DOMESTIC,48,Case,,,23/12/20
12102,3699,PAPAYAS,HLB SPECIALTIES LLC,19,DOMESTIC,48,Case,,,23/12/20
12102,4867,PAPAYAS,SKINNER PRODUCE,18,DOMESTIC,48,Case,,,23/12/20
12102,7095,PAPAYAS,CH ROBINSON COMPANY INC,23,DOMESTIC,48,Case,,,23/12/20
12103,3699,PAPAYAS,AMAZON PRODUCE NETWORK LLC,13,DOMESTIC,48,Case,,,23/12/20
12103,3699,PAPAYAS,HLB SPECIALTIES LLC,19,DOMESTIC,48,Case,,,23/12/20
12103,4867,PAPAYAS,SKINNER PRODUCE,18,DOMESTIC,48,Case,,,23/12/20
12103,7095,PAPAYAS,CH ROBINSON COMPANY INC,24,DOMESTIC,48,Case,,,23/12/20
12048,4867,PEACHES,IMPORT-IMPORT PRODUCE PROGRAM,24,IMPORT,34,Pallet,,,23/12/20
12049,3699,PEACHES,DAVID OPPENHEIMER & CO 1 LLC,5,DOMESTIC,34,Pallet,,,23/12/20
12049,3699,PEACHES,FOREVER FRESH LLC,3,DOMESTIC,34,Pallet,,,23/12/20
12049,3699,PEACHES,WILLIAM H KOPKE JR INC,10,DOMESTIC,34,Pallet,,,23/12/20
12049,4867,PEACHES,IMPORT-IMPORT PRODUCE PROGRAM,17,IMPORT,34,Pallet,,,23/12/20
12050,3699,PEACHES,DAVID OPPENHEIMER & CO 1 LLC,6,DOMESTIC,34,Pallet,,,23/12/20
12050,3699,PEACHES,FOREVER FRESH LLC,4,DOMESTIC,34,Pallet,,,23/12/20
12050,3699,PEACHES,WILLIAM H KOPKE JR INC,13,DOMESTIC,34,Pallet,,,23/12/20
12050,4867,PEACHES,IMPORT-IMPORT PRODUCE PROGRAM,21,IMPORT,34,Pallet,,,23/12/20
12050,7095,PEACHES,IMPORT-IMPORT PRODUCE PROGRAM,11,IMPORT,34,Pallet,,,23/12/20
12051,3699,PEACHES,DAVID OPPENHEIMER & CO 1 LLC,14,DOMESTIC,34,Pallet,,,23/12/20
12051,3699,PEACHES,FOREVER FRESH LLC,9,DOMESTIC,34,Pallet,,,23/12/20
12051,3699,PEACHES,WILLIAM H KOPKE JR INC,31,DOMESTIC,34,Pallet,,,23/12/20
12051,4867,PEACHES,IMPORT-IMPORT PRODUCE PROGRAM,59,IMPORT,34,Pallet,,,23/12/20
12051,7095,PEACHES,IMPORT-IMPORT PRODUCE PROGRAM,29,IMPORT,34,Pallet,,,23/12/20
12052,3699,PEACHES,DAVID OPPENHEIMER & CO 1 LLC,14,DOMESTIC,34,Pallet,,,23/12/20
12052,3699,PEACHES,FOREVER FRESH LLC,9,DOMESTIC,34,Pallet,,,23/12/20
12052,3699,PEACHES,WILLIAM H KOPKE JR INC,32,DOMESTIC,34,Pallet,,,23/12/20
12052,4867,PEACHES,IMPORT-IMPORT PRODUCE PROGRAM,65,IMPORT,34,Pallet,,,23/12/20
12052,7095,PEACHES,IMPORT-IMPORT PRODUCE PROGRAM,34,IMPORT,34,Pallet,,,23/12/20
12101,3699,PEACHES,DAVID OPPENHEIMER & CO 1 LLC,15,DOMESTIC,34,Pallet,,,23/12/20
12101,3699,PEACHES,FOREVER FRESH LLC,10,DOMESTIC,34,Pallet,,,23/12/20
12101,3699,PEACHES,WILLIAM H KOPKE JR INC,34,DOMESTIC,34,Pallet,,,23/12/20
12101,4867,PEACHES,IMPORT-IMPORT PRODUCE PROGRAM,69,IMPORT,34,Pallet,,,23/12/20
12101,7095,PEACHES,IMPORT-IMPORT PRODUCE PROGRAM,36,IMPORT,34,Pallet,,,23/12/20
12102,4867,PEACHES,IMPORT-IMPORT PRODUCE PROGRAM,71,IMPORT,34,Pallet,,,23/12/20
12102,7095,PEACHES,IMPORT-IMPORT PRODUCE PROGRAM,36,IMPORT,34,Pallet,,,23/12/20
12103,4867,PEACHES,IMPORT-IMPORT PRODUCE PROGRAM,72,IMPORT,34,Pallet,,,23/12/20
12103,7095,PEACHES,IMPORT-IMPORT PRODUCE PROGRAM,39,IMPORT,34,Pallet,,,23/12/20
12101,3699,PEARS,IMPORT,25,IMPORT,34,Pallet,,,23/12/20
12101,4867,PEARS,IMPORT,30,IMPORT,34,Pallet,,,23/12/20
12102,3699,PEARS,IMPORT,32,IMPORT,34,Pallet,,,23/12/20
12102,4867,PEARS,IMPORT,30,IMPORT,34,Pallet,,,23/12/20
12103,3699,PEARS,IMPORT,46,IMPORT,34,Pallet,,,23/12/20
12103,4867,PEARS,IMPORT,55,IMPORT,34,Pallet,,,23/12/20
12048,4867,PINEAPPLES,IMPORT-IMPORT PRODUCE PROGRAM,144,IMPORT,48,Pallet,,,23/12/20
12049,4867,PINEAPPLES,IMPORT-IMPORT PRODUCE PROGRAM,337,IMPORT,48,Pallet,,,23/12/20
12050,4867,PINEAPPLES,IMPORT-IMPORT PRODUCE PROGRAM,331,IMPORT,48,Pallet,,,23/12/20
12051,4867,PINEAPPLES,IMPORT-IMPORT PRODUCE PROGRAM,307,IMPORT,48,Pallet,,,23/12/20
12052,4867,PINEAPPLES,IMPORT-IMPORT PRODUCE PROGRAM,296,IMPORT,48,Pallet,,,23/12/20
12101,4867,PINEAPPLES,IMPORT-IMPORT PRODUCE PROGRAM,143,IMPORT,48,Pallet,,,23/12/20
12102,4867,PINEAPPLES,IMPORT-IMPORT PRODUCE PROGRAM,176,IMPORT,48,Pallet,,,23/12/20
12103,4867,PINEAPPLES,IMPORT-IMPORT PRODUCE PROGRAM,180,IMPORT,48,Pallet,,,23/12/20
12048,4867,PINEAPPLES,IMPORT,280,IMPORT,48,Pallet,,,23/12/20
12049,4867,PINEAPPLES,IMPORT,280,IMPORT,48,Pallet,,,23/12/20
12050,4867,PINEAPPLES,IMPORT,280,IMPORT,48,Pallet,,,23/12/20
12051,4867,PINEAPPLES,IMPORT,280,IMPORT,48,Pallet,,,23/12/20
12052,4867,PINEAPPLES,IMPORT,280,IMPORT,48,Pallet,,,23/12/20
12049,3699,PLUMS,DAVID OPPENHEIMER & CO 1 LLC,3,DOMESTIC,34,Pallet,,,23/12/20
12049,3699,PLUMS,FOREVER FRESH LLC,2,DOMESTIC,34,Pallet,,,23/12/20
12049,3699,PLUMS,WILLIAM H KOPKE JR INC,4,DOMESTIC,34,Pallet,,,23/12/20
12050,3699,PLUMS,DAVID OPPENHEIMER & CO 1 LLC,3,DOMESTIC,34,Pallet,,,23/12/20
12050,3699,PLUMS,FOREVER FRESH LLC,2,DOMESTIC,34,Pallet,,,23/12/20
12050,3699,PLUMS,WILLIAM H KOPKE JR INC,4,DOMESTIC,34,Pallet,,,23/12/20
12050,4867,PLUMS,IMPORT-IMPORT PRODUCE PROGRAM,7,IMPORT,34,Pallet,,,23/12/20
12050,7095,PLUMS,IMPORT-IMPORT PRODUCE PROGRAM,6,IMPORT,34,Pallet,,,23/12/20
12051,3699,PLUMS,DAVID OPPENHEIMER & CO 1 LLC,3,DOMESTIC,34,Pallet,,,23/12/20
12051,3699,PLUMS,FOREVER FRESH LLC,2,DOMESTIC,34,Pallet,,,23/12/20
12051,3699,PLUMS,WILLIAM H KOPKE JR INC,5,DOMESTIC,34,Pallet,,,23/12/20
12051,4867,PLUMS,IMPORT-IMPORT PRODUCE PROGRAM,9,IMPORT,34,Pallet,,,23/12/20
12051,7095,PLUMS,IMPORT-IMPORT PRODUCE PROGRAM,6,IMPORT,34,Pallet,,,23/12/20
12052,3699,PLUMS,DAVID OPPENHEIMER & CO 1 LLC,4,DOMESTIC,34,Pallet,,,23/12/20
12052,3699,PLUMS,FOREVER FRESH LLC,3,DOMESTIC,34,Pallet,,,23/12/20
12052,3699,PLUMS,WILLIAM H KOPKE JR INC,6,DOMESTIC,34,Pallet,,,23/12/20
12052,4867,PLUMS,IMPORT-IMPORT PRODUCE PROGRAM,11,IMPORT,34,Pallet,,,23/12/20
12052,7095,PLUMS,IMPORT-IMPORT PRODUCE PROGRAM,7,IMPORT,34,Pallet,,,23/12/20
12101,3699,PLUMS,DAVID OPPENHEIMER & CO 1 LLC,7,DOMESTIC,34,Pallet,,,23/12/20
12101,3699,PLUMS,FOREVER FRESH LLC,5,DOMESTIC,34,Pallet,,,23/12/20
12101,3699,PLUMS,WILLIAM H KOPKE JR INC,11,DOMESTIC,34,Pallet,,,23/12/20
12101,4867,PLUMS,IMPORT-IMPORT PRODUCE PROGRAM,21,IMPORT,34,Pallet,,,23/12/20
12101,7095,PLUMS,IMPORT-IMPORT PRODUCE PROGRAM,15,IMPORT,34,Pallet,,,23/12/20
12102,4867,PLUMS,IMPORT-IMPORT PRODUCE PROGRAM,24,IMPORT,34,Pallet,,,23/12/20
12102,7095,PLUMS,IMPORT-IMPORT PRODUCE PROGRAM,18,IMPORT,34,Pallet,,,23/12/20
12103,4867,PLUMS,IMPORT-IMPORT PRODUCE PROGRAM,27,IMPORT,34,Pallet,,,23/12/20
12103,7095,PLUMS,IMPORT-IMPORT PRODUCE PROGRAM,21,IMPORT,34,Pallet,,,23/12/20
12048,3699,POTATOES,EAGLE FARMS INC,81,DOMESTIC,48,Pallet,,,23/12/20
12048,3699,POTATOES,WADA FARMS MARKETING GROUP LLC,81,DOMESTIC,48,Pallet,,,23/12/20
12048,4867,POTATOES,POTANDON PRODUCE LLC,52,DOMESTIC,48,Pallet,,,23/12/20
12049,3699,POTATOES,EAGLE FARMS INC,84,DOMESTIC,48,Pallet,,,23/12/20
12049,3699,POTATOES,WADA FARMS MARKETING GROUP LLC,84,DOMESTIC,48,Pallet,,,23/12/20
12049,4867,POTATOES,POTANDON PRODUCE LLC,53,DOMESTIC,48,Pallet,,,23/12/20
12050,3699,POTATOES,EAGLE FARMS INC,78,DOMESTIC,48,Pallet,,,23/12/20
12050,3699,POTATOES,WADA FARMS MARKETING GROUP LLC,78,DOMESTIC,48,Pallet,,,23/12/20
12050,4867,POTATOES,POTANDON PRODUCE LLC,47,DOMESTIC,48,Pallet,,,23/12/20
12051,3699,POTATOES,EAGLE FARMS INC,75,DOMESTIC,48,Pallet,,,23/12/20
12051,3699,POTATOES,WADA FARMS MARKETING GROUP LLC,75,DOMESTIC,48,Pallet,,,23/12/20
12051,4867,POTATOES,POTANDON PRODUCE LLC,44,DOMESTIC,48,Pallet,,,23/12/20
12052,3699,POTATOES,EAGLE FARMS INC,74,DOMESTIC,48,Pallet,,,23/12/20
12052,3699,POTATOES,WADA FARMS MARKETING GROUP LLC,74,DOMESTIC,48,Pallet,,,23/12/20
12052,4867,POTATOES,POTANDON PRODUCE LLC,45,DOMESTIC,48,Pallet,,,23/12/20
12101,3699,POTATOES,EAGLE FARMS INC,74,DOMESTIC,48,Pallet,,,23/12/20
12101,3699,POTATOES,WADA FARMS MARKETING GROUP LLC,74,DOMESTIC,48,Pallet,,,23/12/20
12101,4867,POTATOES,POTANDON PRODUCE LLC,45,DOMESTIC,48,Pallet,,,23/12/20
12102,3699,POTATOES,EAGLE FARMS INC,76,DOMESTIC,48,Pallet,,,23/12/20
12102,3699,POTATOES,WADA FARMS MARKETING GROUP LLC,76,DOMESTIC,48,Pallet,,,23/12/20
12102,4867,POTATOES,POTANDON PRODUCE LLC,47,DOMESTIC,48,Pallet,,,23/12/20
12103,3699,POTATOES,EAGLE FARMS INC,78,DOMESTIC,48,Pallet,,,23/12/20
12103,3699,POTATOES,WADA FARMS MARKETING GROUP LLC,78,DOMESTIC,48,Pallet,,,23/12/20
12103,4867,POTATOES,POTANDON PRODUCE LLC,48,DOMESTIC,48,Pallet,,,23/12/20
12048,7095,RASPBERRIES,ANDREW & WILLIAMSON SALES CO.,32,DOMESTIC,34,Case,Yes,,23/12/20
12048,7095,RASPBERRIES,CALIFORNIA GIANT INC,20,DOMESTIC,34,Case,Yes,,23/12/20
12048,7095,RASPBERRIES,DRISCOLLS INC,48,DOMESTIC,34,Case,Yes,,23/12/20
12049,7095,RASPBERRIES,ANDREW & WILLIAMSON SALES CO.,38,DOMESTIC,34,Case,Yes,,23/12/20
12049,7095,RASPBERRIES,CALIFORNIA GIANT INC,23,DOMESTIC,34,Case,Yes,,23/12/20
12049,7095,RASPBERRIES,DRISCOLLS INC,57,DOMESTIC,34,Case,Yes,,23/12/20
12050,7095,RASPBERRIES,ANDREW & WILLIAMSON SALES CO.,38,DOMESTIC,34,Case,Yes,,23/12/20
12050,7095,RASPBERRIES,CALIFORNIA GIANT INC,23,DOMESTIC,34,Case,Yes,,23/12/20
12050,7095,RASPBERRIES,DRISCOLLS INC,57,DOMESTIC,34,Case,Yes,,23/12/20
12051,7095,RASPBERRIES,ANDREW & WILLIAMSON SALES CO.,34,DOMESTIC,34,Case,Yes,,23/12/20
12051,7095,RASPBERRIES,CALIFORNIA GIANT INC,21,DOMESTIC,34,Case,Yes,,23/12/20
12051,7095,RASPBERRIES,DRISCOLLS INC,50,DOMESTIC,34,Case,Yes,,23/12/20
12052,7095,RASPBERRIES,ANDREW & WILLIAMSON SALES CO.,33,DOMESTIC,34,Case,Yes,,23/12/20
12052,7095,RASPBERRIES,CALIFORNIA GIANT INC,21,DOMESTIC,34,Case,Yes,,23/12/20
12052,7095,RASPBERRIES,DRISCOLLS INC,49,DOMESTIC,34,Case,Yes,,23/12/20
12101,7095,RASPBERRIES,CALIFORNIA GIANT INC,26,DOMESTIC,34,Case,Yes,,23/12/20
12101,7095,RASPBERRIES,DRISCOLLS INC,68,DOMESTIC,34,Case,Yes,,23/12/20
12102,7095,RASPBERRIES,CALIFORNIA GIANT INC,26,DOMESTIC,34,Case,Yes,,23/12/20
12102,7095,RASPBERRIES,DRISCOLLS INC,69,DOMESTIC,34,Case,Yes,,23/12/20
12103,7095,RASPBERRIES,CALIFORNIA GIANT INC,26,DOMESTIC,34,Case,Yes,,23/12/20
12103,7095,RASPBERRIES,DRISCOLLS INC,69,DOMESTIC,34,Case,Yes,,23/12/20
12048,3699,RASPBERRIES,DOMESTIC,39,DOMESTIC,34,Pallet,Yes,,23/12/20
12048,4867,RASPBERRIES,DOMESTIC,3,DOMESTIC,34,Pallet,Yes,,23/12/20
12049,3699,RASPBERRIES,DOMESTIC,39,DOMESTIC,34,Pallet,Yes,,23/12/20
12049,4867,RASPBERRIES,DOMESTIC,3,DOMESTIC,34,Pallet,Yes,,23/12/20
12050,3699,RASPBERRIES,DOMESTIC,39,DOMESTIC,34,Pallet,Yes,,23/12/20
12050,4867,RASPBERRIES,DOMESTIC,3,DOMESTIC,34,Pallet,Yes,,23/12/20
12051,3699,RASPBERRIES,DOMESTIC,39,DOMESTIC,34,Pallet,Yes,,23/12/20
12051,4867,RASPBERRIES,DOMESTIC,3,DOMESTIC,34,Pallet,Yes,,23/12/20
12052,3699,RASPBERRIES,DOMESTIC,39,DOMESTIC,34,Pallet,Yes,,23/12/20
12052,4867,RASPBERRIES,DOMESTIC,3,DOMESTIC,34,Pallet,Yes,,23/12/20
12101,3699,RASPBERRIES,DOMESTIC,39,DOMESTIC,34,Pallet,Yes,,23/12/20
12101,4867,RASPBERRIES,DOMESTIC,3,DOMESTIC,34,Pallet,Yes,,23/12/20
12102,3699,RASPBERRIES,DOMESTIC,39,DOMESTIC,34,Pallet,Yes,,23/12/20
12102,4867,RASPBERRIES,DOMESTIC,3,DOMESTIC,34,Pallet,Yes,,23/12/20
12103,3699,RASPBERRIES,DOMESTIC,39,DOMESTIC,34,Pallet,Yes,,23/12/20
12103,4867,RASPBERRIES,DOMESTIC,3,DOMESTIC,34,Pallet,Yes,,23/12/20
12048,7095,ROMAINE,,30,DOMESTIC,34,Pallet,,,23/12/20
12049,7095,ROMAINE,,30,DOMESTIC,34,Pallet,,,23/12/20
12050,7095,ROMAINE,,30,DOMESTIC,34,Pallet,,,23/12/20
12051,7095,ROMAINE,,30,DOMESTIC,34,Pallet,,,23/12/20
12052,7095,ROMAINE,,30,DOMESTIC,34,Pallet,,,23/12/20
12101,7095,ROMAINE,,30,DOMESTIC,34,Pallet,,,23/12/20
12102,7095,ROMAINE,,30,DOMESTIC,34,Pallet,,,23/12/20
12103,7095,ROMAINE,,30,DOMESTIC,34,Pallet,,,23/12/20
12048,7095,SOFT VEGETABLES,COAST PRODUCE COMPANY,3,DOMESTIC,34,Case,,,23/12/20
12049,7095,SOFT VEGETABLES,COAST PRODUCE COMPANY,3,DOMESTIC,34,Case,,,23/12/20
12050,7095,SOFT VEGETABLES,COAST PRODUCE COMPANY,3,DOMESTIC,34,Case,,,23/12/20
12051,7095,SOFT VEGETABLES,COAST PRODUCE COMPANY,3,DOMESTIC,34,Case,,,23/12/20
12052,7095,SOFT VEGETABLES,COAST PRODUCE COMPANY,3,DOMESTIC,34,Case,,,23/12/20
12101,7095,SOFT VEGETABLES,COAST PRODUCE COMPANY,3,DOMESTIC,34,Case,,,23/12/20
12101,7095,SOFT VEGETABLES,ORANGE COUNTY PRODUCE,81,DOMESTIC,34,Case,,,23/12/20
12102,7095,SOFT VEGETABLES,COAST PRODUCE COMPANY,3,DOMESTIC,34,Case,,,23/12/20
12102,7095,SOFT VEGETABLES,ORANGE COUNTY PRODUCE,81,DOMESTIC,34,Case,,,23/12/20
12103,7095,SOFT VEGETABLES,COAST PRODUCE COMPANY,3,DOMESTIC,34,Case,,,23/12/20
12103,7095,SOFT VEGETABLES,ORANGE COUNTY PRODUCE,81,DOMESTIC,34,Case,,,23/12/20
12050,7095,STONEFRUIT,IMPORT,27,IMPORT,34,Pallet,,,23/12/20
12050,3699,STONEFRUIT,IMPORT,20,IMPORT,34,Pallet,,,23/12/20
12050,4867,STONEFRUIT,IMPORT,60,IMPORT,34,Pallet,,,23/12/20
12051,7095,STONEFRUIT,IMPORT,40,IMPORT,34,Pallet,,,23/12/20
12051,3699,STONEFRUIT,IMPORT,20,IMPORT,34,Pallet,,,23/12/20
12051,4867,STONEFRUIT,IMPORT,80,IMPORT,34,Pallet,,,23/12/20
12052,7095,STONEFRUIT,IMPORT,54,IMPORT,34,Pallet,,,23/12/20
12052,3699,STONEFRUIT,IMPORT,20,IMPORT,34,Pallet,,,23/12/20
12052,4867,STONEFRUIT,IMPORT,100,IMPORT,34,Pallet,,,23/12/20
12101,7095,STONEFRUIT,IMPORT,60,IMPORT,34,Pallet,,,23/12/20
12101,4867,STONEFRUIT,IMPORT,80,IMPORT,34,Pallet,,,23/12/20
12102,7095,STONEFRUIT,IMPORT,60,IMPORT,34,Pallet,,,23/12/20
12102,4867,STONEFRUIT,IMPORT,80,IMPORT,34,Pallet,,,23/12/20
12103,7095,STONEFRUIT,IMPORT,60,IMPORT,34,Pallet,,,23/12/20
12103,4867,STONEFRUIT,IMPORT,80,IMPORT,34,Pallet,,,23/12/20
12048,7095,STRAWBERRIES,BOBALU LLC.,49,DOMESTIC,34,Pallet,,,23/12/20
12048,7095,STRAWBERRIES,DRISCOLLS INC,158,DOMESTIC,34,Pallet,,,23/12/20
12048,7095,STRAWBERRIES,JDB PRO INC,43,DOMESTIC,34,Pallet,,,23/12/20
12048,7095,STRAWBERRIES,RED BLOSSOM SALES INC,318,DOMESTIC,34,Pallet,,,23/12/20
12048,7095,STRAWBERRIES,"WESTERN VEG-PRODUCE, INC.",61,DOMESTIC,34,Pallet,,,23/12/20
12049,7095,STRAWBERRIES,BOBALU LLC.,65,DOMESTIC,34,Pallet,,,23/12/20
12049,7095,STRAWBERRIES,DRISCOLLS INC,253,DOMESTIC,34,Pallet,,,23/12/20
12049,7095,STRAWBERRIES,JDB PRO INC,65,DOMESTIC,34,Pallet,,,23/12/20
12049,7095,STRAWBERRIES,NATURIPE FARMS LLC,105,DOMESTIC,34,Pallet,,,23/12/20
12049,7095,STRAWBERRIES,SUPREME BERRY FARMS LLC,347,DOMESTIC,34,Pallet,,,23/12/20
12050,7095,STRAWBERRIES,BOBALU LLC.,76,DOMESTIC,34,Pallet,,,23/12/20
12050,7095,STRAWBERRIES,DRISCOLLS INC,297,DOMESTIC,34,Pallet,,,23/12/20
12050,7095,STRAWBERRIES,JDB PRO INC,76,DOMESTIC,34,Pallet,,,23/12/20
12050,7095,STRAWBERRIES,NATURIPE FARMS LLC,124,DOMESTIC,34,Pallet,,,23/12/20
12050,7095,STRAWBERRIES,SUPREME BERRY FARMS LLC,408,DOMESTIC,34,Pallet,,,23/12/20
12051,7095,STRAWBERRIES,BOBALU LLC.,68,DOMESTIC,34,Pallet,,,23/12/20
12051,7095,STRAWBERRIES,DRISCOLLS INC,267,DOMESTIC,34,Pallet,,,23/12/20
12051,7095,STRAWBERRIES,JDB PRO INC,68,DOMESTIC,34,Pallet,,,23/12/20
12051,7095,STRAWBERRIES,NATURIPE FARMS LLC,110,DOMESTIC,34,Pallet,,,23/12/20
12051,7095,STRAWBERRIES,SUPREME BERRY FARMS LLC,363,DOMESTIC,34,Pallet,,,23/12/20
12052,7095,STRAWBERRIES,BOBALU LLC.,64,DOMESTIC,34,Pallet,,,23/12/20
12052,7095,STRAWBERRIES,DRISCOLLS INC,153,DOMESTIC,34,Pallet,,,23/12/20
12052,7095,STRAWBERRIES,JDB PRO INC,152,DOMESTIC,34,Pallet,,,23/12/20
12052,7095,STRAWBERRIES,NATURIPE FARMS LLC,104,DOMESTIC,34,Pallet,,,23/12/20
12052,7095,STRAWBERRIES,SUPREME BERRY FARMS LLC,342,DOMESTIC,34,Pallet,,,23/12/20
12101,7095,STRAWBERRIES,BOBALU LLC.,72,DOMESTIC,34,Pallet,,,23/12/20
12101,7095,STRAWBERRIES,DRISCOLLS INC,171,DOMESTIC,34,Pallet,,,23/12/20
12101,7095,STRAWBERRIES,JDB PRO INC,170,DOMESTIC,34,Pallet,,,23/12/20
12101,7095,STRAWBERRIES,NATURIPE FARMS LLC,116,DOMESTIC,34,Pallet,,,23/12/20
12101,7095,STRAWBERRIES,SUPREME BERRY FARMS LLC,384,DOMESTIC,34,Pallet,,,23/12/20
12102,7095,STRAWBERRIES,BOBALU LLC.,77,DOMESTIC,34,Pallet,,,23/12/20
12102,7095,STRAWBERRIES,DRISCOLLS INC,183,DOMESTIC,34,Pallet,,,23/12/20
12102,7095,STRAWBERRIES,JDB PRO INC,181,DOMESTIC,34,Pallet,,,23/12/20
12102,7095,STRAWBERRIES,NATURIPE FARMS LLC,124,DOMESTIC,34,Pallet,,,23/12/20
12102,7095,STRAWBERRIES,SUPREME BERRY FARMS LLC,409,DOMESTIC,34,Pallet,,,23/12/20
12103,7095,STRAWBERRIES,BOBALU LLC.,87,DOMESTIC,34,Pallet,,,23/12/20
12103,7095,STRAWBERRIES,DRISCOLLS INC,206,DOMESTIC,34,Pallet,,,23/12/20
12103,7095,STRAWBERRIES,JDB PRO INC,205,DOMESTIC,34,Pallet,,,23/12/20
12103,7095,STRAWBERRIES,NATURIPE FARMS LLC,140,DOMESTIC,34,Pallet,,,23/12/20
12103,7095,STRAWBERRIES,SUPREME BERRY FARMS LLC,463,DOMESTIC,34,Pallet,,,23/12/20
12048,7095,STRAWBERRIES ORGANIC,CALIFORNIA GIANT INC,5,DOMESTIC,34,Case,,,23/12/20
12048,7095,STRAWBERRIES ORGANIC,"GEM-PACK BERRIES, LLC",9,DOMESTIC,34,Case,,,23/12/20
12048,7095,STRAWBERRIES ORGANIC,JDB PRO INC,8,DOMESTIC,34,Case,,,23/12/20
12049,7095,STRAWBERRIES ORGANIC,ANDREW & WILLIAMSON SALES CO.,9,DOMESTIC,34,Case,,,23/12/20
12049,7095,STRAWBERRIES ORGANIC,JDB PRO INC,9,DOMESTIC,34,Case,,,23/12/20
12050,7095,STRAWBERRIES ORGANIC,ANDREW & WILLIAMSON SALES CO.,9,DOMESTIC,34,Case,,,23/12/20
12050,7095,STRAWBERRIES ORGANIC,JDB PRO INC,9,DOMESTIC,34,Case,,,23/12/20
12051,7095,STRAWBERRIES ORGANIC,ANDREW & WILLIAMSON SALES CO.,13,DOMESTIC,34,Case,,,23/12/20
12051,7095,STRAWBERRIES ORGANIC,JDB PRO INC,13,DOMESTIC,34,Case,,,23/12/20
12052,7095,STRAWBERRIES ORGANIC,"GEM-PACK BERRIES, LLC",11,DOMESTIC,34,Case,,,23/12/20
12052,7095,STRAWBERRIES ORGANIC,JDB PRO INC,10,DOMESTIC,34,Case,,,23/12/20
12052,7095,STRAWBERRIES ORGANIC,SUPREME BERRY FARMS LLC,7,DOMESTIC,34,Case,,,23/12/20
12101,7095,STRAWBERRIES ORGANIC,"GEM-PACK BERRIES, LLC",12,DOMESTIC,34,Case,,,23/12/20
12101,7095,STRAWBERRIES ORGANIC,JDB PRO INC,10,DOMESTIC,34,Case,,,23/12/20
12101,7095,STRAWBERRIES ORGANIC,SUPREME BERRY FARMS LLC,7,DOMESTIC,34,Case,,,23/12/20
12102,7095,STRAWBERRIES ORGANIC,"GEM-PACK BERRIES, LLC",12,DOMESTIC,34,Case,,,23/12/20
12102,7095,STRAWBERRIES ORGANIC,JDB PRO INC,11,DOMESTIC,34,Case,,,23/12/20
12102,7095,STRAWBERRIES ORGANIC,SUPREME BERRY FARMS LLC,8,DOMESTIC,34,Case,,,23/12/20
12103,7095,STRAWBERRIES ORGANIC,"GEM-PACK BERRIES, LLC",16,DOMESTIC,34,Case,,,23/12/20
12103,7095,STRAWBERRIES ORGANIC,JDB PRO INC,15,DOMESTIC,34,Case,,,23/12/20
12103,7095,STRAWBERRIES ORGANIC,SUPREME BERRY FARMS LLC,10,DOMESTIC,34,Case,,,23/12/20
12048,3699,SWEET POTATOES,NASH PRODUCE LLC,16,DOMESTIC,48,Case,,,23/12/20
12048,4867,SWEET POTATOES,WADA FARMS MARKETING GROUP LLC,18,DOMESTIC,48,Case,,,23/12/20
12048,7095,SWEET POTATOES,CLASSIC YAM INC,29,DOMESTIC,48,Case,,,23/12/20
12048,7095,SWEET POTATOES,COUNTRY SWEET PRODUCE INC,71,DOMESTIC,48,Case,,,23/12/20
12048,7095,SWEET POTATOES,QUAIL H FARMS LLC,62,DOMESTIC,48,Case,,,23/12/20
12048,7095,SWEET POTATOES,WADA FARMS MARKETING GROUP LLC,10,DOMESTIC,48,Case,,,23/12/20
12049,3699,SWEET POTATOES,NASH PRODUCE LLC,19,DOMESTIC,48,Case,,,23/12/20
12049,4867,SWEET POTATOES,WADA FARMS MARKETING GROUP LLC,20,DOMESTIC,48,Case,,,23/12/20
12049,7095,SWEET POTATOES,CLASSIC YAM INC,35,DOMESTIC,48,Case,,,23/12/20
12049,7095,SWEET POTATOES,COUNTRY SWEET PRODUCE INC,86,DOMESTIC,48,Case,,,23/12/20
12049,7095,SWEET POTATOES,QUAIL H FARMS LLC,75,DOMESTIC,48,Case,,,23/12/20
12049,7095,SWEET POTATOES,WADA FARMS MARKETING GROUP LLC,12,DOMESTIC,48,Case,,,23/12/20
12050,3699,SWEET POTATOES,NASH PRODUCE LLC,19,DOMESTIC,48,Case,,,23/12/20
12050,4867,SWEET POTATOES,WADA FARMS MARKETING GROUP LLC,20,DOMESTIC,48,Case,,,23/12/20
12050,7095,SWEET POTATOES,CLASSIC YAM INC,37,DOMESTIC,48,Case,,,23/12/20
12050,7095,SWEET POTATOES,COUNTRY SWEET PRODUCE INC,89,DOMESTIC,48,Case,,,23/12/20
12050,7095,SWEET POTATOES,QUAIL H FARMS LLC,73,DOMESTIC,48,Case,,,23/12/20
12050,7095,SWEET POTATOES,WADA FARMS MARKETING GROUP LLC,13,DOMESTIC,48,Case,,,23/12/20
12051,3699,SWEET POTATOES,NASH PRODUCE LLC,18,DOMESTIC,48,Case,,,23/12/20
12051,4867,SWEET POTATOES,WADA FARMS MARKETING GROUP LLC,19,DOMESTIC,48,Case,,,23/12/20
12051,7095,SWEET POTATOES,CLASSIC YAM INC,35,DOMESTIC,48,Case,,,23/12/20
12051,7095,SWEET POTATOES,COUNTRY SWEET PRODUCE INC,84,DOMESTIC,48,Case,,,23/12/20
12051,7095,SWEET POTATOES,QUAIL H FARMS LLC,71,DOMESTIC,48,Case,,,23/12/20
12051,7095,SWEET POTATOES,WADA FARMS MARKETING GROUP LLC,12,DOMESTIC,48,Case,,,23/12/20
12052,3699,SWEET POTATOES,NASH PRODUCE LLC,17,DOMESTIC,48,Case,,,23/12/20
12052,4867,SWEET POTATOES,WADA FARMS MARKETING GROUP LLC,18,DOMESTIC,48,Case,,,23/12/20
12052,7095,SWEET POTATOES,CLASSIC YAM INC,33,DOMESTIC,48,Case,,,23/12/20
12052,7095,SWEET POTATOES,COUNTRY SWEET PRODUCE INC,80,DOMESTIC,48,Case,,,23/12/20
12052,7095,SWEET POTATOES,QUAIL H FARMS LLC,68,DOMESTIC,48,Case,,,23/12/20
12052,7095,SWEET POTATOES,WADA FARMS MARKETING GROUP LLC,12,DOMESTIC,48,Case,,,23/12/20
12101,3699,SWEET POTATOES,NASH PRODUCE LLC,17,DOMESTIC,48,Case,,,23/12/20
12101,4867,SWEET POTATOES,WADA FARMS MARKETING GROUP LLC,19,DOMESTIC,48,Case,,,23/12/20
12101,7095,SWEET POTATOES,CLASSIC YAM INC,33,DOMESTIC,48,Case,,,23/12/20
12101,7095,SWEET POTATOES,COUNTRY SWEET PRODUCE INC,79,DOMESTIC,48,Case,,,23/12/20
12101,7095,SWEET POTATOES,QUAIL H FARMS LLC,68,DOMESTIC,48,Case,,,23/12/20
12101,7095,SWEET POTATOES,WADA FARMS MARKETING GROUP LLC,11,DOMESTIC,48,Case,,,23/12/20
12102,3699,SWEET POTATOES,NASH PRODUCE LLC,17,DOMESTIC,48,Case,,,23/12/20
12102,4867,SWEET POTATOES,WADA FARMS MARKETING GROUP LLC,19,DOMESTIC,48,Case,,,23/12/20
12102,7095,SWEET POTATOES,CLASSIC YAM INC,33,DOMESTIC,48,Case,,,23/12/20
12102,7095,SWEET POTATOES,COUNTRY SWEET PRODUCE INC,79,DOMESTIC,48,Case,,,23/12/20
12102,7095,SWEET POTATOES,QUAIL H FARMS LLC,68,DOMESTIC,48,Case,,,23/12/20
12102,7095,SWEET POTATOES,WADA FARMS MARKETING GROUP LLC,11,DOMESTIC,48,Case,,,23/12/20
12103,3699,SWEET POTATOES,NASH PRODUCE LLC,17,DOMESTIC,48,Case,,,23/12/20
12103,4867,SWEET POTATOES,WADA FARMS MARKETING GROUP LLC,19,DOMESTIC,48,Case,,,23/12/20
12103,7095,SWEET POTATOES,CLASSIC YAM INC,32,DOMESTIC,48,Case,,,23/12/20
12103,7095,SWEET POTATOES,COUNTRY SWEET PRODUCE INC,78,DOMESTIC,48,Case,,,23/12/20
12103,7095,SWEET POTATOES,QUAIL H FARMS LLC,69,DOMESTIC,48,Case,,,23/12/20
12103,7095,SWEET POTATOES,WADA FARMS MARKETING GROUP LLC,11,DOMESTIC,48,Case,,,23/12/20
12048,3699,VALUE ADDED VEGETABLES,TAYLOR FARMS PACIFIC INC,7,DOMESTIC,34,Case,Yes,,23/12/20
12048,4867,VALUE ADDED VEGETABLES,SOUTHERN SPECIALTIES INC,127,DOMESTIC,34,Case,Yes,,23/12/20
12048,7095,VALUE ADDED VEGETABLES,CHURCH BROTHERS LLC,12,DOMESTIC,34,Pallet,Yes,,23/12/20
12048,7095,VALUE ADDED VEGETABLES,FARM DIRECT SUPPLY LLC,5,DOMESTIC,34,Pallet,Yes,,23/12/20
12048,7095,VALUE ADDED VEGETABLES,GREEN WAVE FARMS LLC,3,DOMESTIC,34,Pallet,Yes,,23/12/20
12048,7095,VALUE ADDED VEGETABLES,"IPPOLITO INTERNATIONAL, L.P",14,DOMESTIC,34,Pallet,Yes,,23/12/20
12048,7095,VALUE ADDED VEGETABLES,LOS ANGELES SALAD INTL,3,DOMESTIC,34,Pallet,Yes,,23/12/20
12048,7095,VALUE ADDED VEGETABLES,NZG SPECIALTIES INC,5,DOMESTIC,34,Pallet,Yes,,23/12/20
12049,3699,VALUE ADDED VEGETABLES,TAYLOR FARMS PACIFIC INC,8,DOMESTIC,34,Case,Yes,,23/12/20
12049,4867,VALUE ADDED VEGETABLES,SOUTHERN SPECIALTIES INC,147,DOMESTIC,34,Case,Yes,,23/12/20
12049,7095,VALUE ADDED VEGETABLES,CHURCH BROTHERS LLC,7,DOMESTIC,34,Pallet,Yes,,23/12/20
12049,7095,VALUE ADDED VEGETABLES,FARM DIRECT SUPPLY LLC,5,DOMESTIC,34,Pallet,Yes,,23/12/20
12049,7095,VALUE ADDED VEGETABLES,GREEN WAVE FARMS LLC,3,DOMESTIC,34,Pallet,Yes,,23/12/20
12049,7095,VALUE ADDED VEGETABLES,"IPPOLITO INTERNATIONAL, L.P",7,DOMESTIC,34,Pallet,Yes,,23/12/20
12049,7095,VALUE ADDED VEGETABLES,LOS ANGELES SALAD INTL,3,DOMESTIC,34,Pallet,Yes,,23/12/20
12049,7095,VALUE ADDED VEGETABLES,NZG SPECIALTIES INC,5,DOMESTIC,34,Pallet,Yes,,23/12/20
12050,3699,VALUE ADDED VEGETABLES,TAYLOR FARMS PACIFIC INC,8,DOMESTIC,34,Case,Yes,,23/12/20
12050,4867,VALUE ADDED VEGETABLES,SOUTHERN SPECIALTIES INC,143,DOMESTIC,34,Case,Yes,,23/12/20
12050,7095,VALUE ADDED VEGETABLES,CHURCH BROTHERS LLC,7,DOMESTIC,34,Pallet,Yes,,23/12/20
12050,7095,VALUE ADDED VEGETABLES,FARM DIRECT SUPPLY LLC,5,DOMESTIC,34,Pallet,Yes,,23/12/20
12050,7095,VALUE ADDED VEGETABLES,GREEN WAVE FARMS LLC,4,DOMESTIC,34,Pallet,Yes,,23/12/20
12050,7095,VALUE ADDED VEGETABLES,"IPPOLITO INTERNATIONAL, L.P",7,DOMESTIC,34,Pallet,Yes,,23/12/20
12050,7095,VALUE ADDED VEGETABLES,LOS ANGELES SALAD INTL,3,DOMESTIC,34,Pallet,Yes,,23/12/20
12050,7095,VALUE ADDED VEGETABLES,NZG SPECIALTIES INC,5,DOMESTIC,34,Pallet,Yes,,23/12/20
12051,3699,VALUE ADDED VEGETABLES,TAYLOR FARMS PACIFIC INC,7,DOMESTIC,34,Case,Yes,,23/12/20
12051,4867,VALUE ADDED VEGETABLES,SOUTHERN SPECIALTIES INC,138,DOMESTIC,34,Case,Yes,,23/12/20
12051,7095,VALUE ADDED VEGETABLES,CHURCH BROTHERS LLC,7,DOMESTIC,34,Pallet,Yes,,23/12/20
12051,7095,VALUE ADDED VEGETABLES,FARM DIRECT SUPPLY LLC,5,DOMESTIC,34,Pallet,Yes,,23/12/20
12051,7095,VALUE ADDED VEGETABLES,GREEN WAVE FARMS LLC,3,DOMESTIC,34,Pallet,Yes,,23/12/20
12051,7095,VALUE ADDED VEGETABLES,"IPPOLITO INTERNATIONAL, L.P",7,DOMESTIC,34,Pallet,Yes,,23/12/20
12051,7095,VALUE ADDED VEGETABLES,LOS ANGELES SALAD INTL,3,DOMESTIC,34,Pallet,Yes,,23/12/20
12051,7095,VALUE ADDED VEGETABLES,NZG SPECIALTIES INC,5,DOMESTIC,34,Pallet,Yes,,23/12/20
12052,3699,VALUE ADDED VEGETABLES,TAYLOR FARMS PACIFIC INC,9,DOMESTIC,34,Case,Yes,,23/12/20
12052,4867,VALUE ADDED VEGETABLES,SOUTHERN SPECIALTIES INC,137,DOMESTIC,34,Case,Yes,,23/12/20
12052,7095,VALUE ADDED VEGETABLES,CHURCH BROTHERS LLC,7,DOMESTIC,34,Pallet,Yes,,23/12/20
12052,7095,VALUE ADDED VEGETABLES,FARM DIRECT SUPPLY LLC,5,DOMESTIC,34,Pallet,Yes,,23/12/20
12052,7095,VALUE ADDED VEGETABLES,GREEN WAVE FARMS LLC,4,DOMESTIC,34,Pallet,Yes,,23/12/20
12052,7095,VALUE ADDED VEGETABLES,"IPPOLITO INTERNATIONAL, L.P",8,DOMESTIC,34,Pallet,Yes,,23/12/20
12052,7095,VALUE ADDED VEGETABLES,LOS ANGELES SALAD INTL,3,DOMESTIC,34,Pallet,Yes,,23/12/20
12052,7095,VALUE ADDED VEGETABLES,NZG SPECIALTIES INC,5,DOMESTIC,34,Pallet,Yes,,23/12/20
12101,3699,VALUE ADDED VEGETABLES,TAYLOR FARMS PACIFIC INC,9,DOMESTIC,34,Case,Yes,,23/12/20
12101,4867,VALUE ADDED VEGETABLES,SOUTHERN SPECIALTIES INC,134,DOMESTIC,34,Case,Yes,,23/12/20
12101,7095,VALUE ADDED VEGETABLES,CHURCH BROTHERS LLC,7,DOMESTIC,34,Pallet,Yes,,23/12/20
12101,7095,VALUE ADDED VEGETABLES,FARM DIRECT SUPPLY LLC,4,DOMESTIC,34,Pallet,Yes,,23/12/20
12101,7095,VALUE ADDED VEGETABLES,GREEN WAVE FARMS LLC,3,DOMESTIC,34,Pallet,Yes,,23/12/20
12101,7095,VALUE ADDED VEGETABLES,"IPPOLITO INTERNATIONAL, L.P",8,DOMESTIC,34,Pallet,Yes,,23/12/20
12101,7095,VALUE ADDED VEGETABLES,LOS ANGELES SALAD INTL,3,DOMESTIC,34,Pallet,Yes,,23/12/20
12101,7095,VALUE ADDED VEGETABLES,NZG SPECIALTIES INC,4,DOMESTIC,34,Pallet,Yes,,23/12/20
12102,3699,VALUE ADDED VEGETABLES,TAYLOR FARMS PACIFIC INC,9,DOMESTIC,34,Case,Yes,,23/12/20
12102,4867,VALUE ADDED VEGETABLES,SOUTHERN SPECIALTIES INC,134,DOMESTIC,34,Case,Yes,,23/12/20
12102,7095,VALUE ADDED VEGETABLES,CHURCH BROTHERS LLC,7,DOMESTIC,34,Pallet,Yes,,23/12/20
12102,7095,VALUE ADDED VEGETABLES,FARM DIRECT SUPPLY LLC,5,DOMESTIC,34,Pallet,Yes,,23/12/20
12102,7095,VALUE ADDED VEGETABLES,GREEN WAVE FARMS LLC,3,DOMESTIC,34,Pallet,Yes,,23/12/20
12102,7095,VALUE ADDED VEGETABLES,"IPPOLITO INTERNATIONAL, L.P",8,DOMESTIC,34,Pallet,Yes,,23/12/20
12102,7095,VALUE ADDED VEGETABLES,LOS ANGELES SALAD INTL,3,DOMESTIC,34,Pallet,Yes,,23/12/20
12102,7095,VALUE ADDED VEGETABLES,NZG SPECIALTIES INC,5,DOMESTIC,34,Pallet,Yes,,23/12/20
12103,3699,VALUE ADDED VEGETABLES,TAYLOR FARMS PACIFIC INC,9,DOMESTIC,34,Case,Yes,,23/12/20
12103,4867,VALUE ADDED VEGETABLES,SOUTHERN SPECIALTIES INC,133,DOMESTIC,34,Case,Yes,,23/12/20
12103,7095,VALUE ADDED VEGETABLES,CHURCH BROTHERS LLC,7,DOMESTIC,34,Pallet,Yes,,23/12/20
12103,7095,VALUE ADDED VEGETABLES,FARM DIRECT SUPPLY LLC,4,DOMESTIC,34,Pallet,Yes,,23/12/20
12103,7095,VALUE ADDED VEGETABLES,GREEN WAVE FARMS LLC,3,DOMESTIC,34,Pallet,Yes,,23/12/20
12103,7095,VALUE ADDED VEGETABLES,"IPPOLITO INTERNATIONAL, L.P",8,DOMESTIC,34,Pallet,Yes,,23/12/20
12103,7095,VALUE ADDED VEGETABLES,LOS ANGELES SALAD INTL,3,DOMESTIC,34,Pallet,Yes,,23/12/20
12103,7095,VALUE ADDED VEGETABLES,NZG SPECIALTIES INC,4,DOMESTIC,34,Pallet,Yes,,23/12/20
12048,7095,VALUE ADDED VEGETABLES,Domestic,15,Domestic,34,Pallet,Yes,,23/12/20
12049,7095,VALUE ADDED VEGETABLES,Domestic,13,Domestic,34,Pallet,Yes,,23/12/20
12048,3699,VARIETY MELONS,EPIC FRESH PRODUCE,18,DOMESTIC,48,Pallet,,,23/12/20
12048,4867,VARIETY MELONS,EPIC FRESH PRODUCE,16,DOMESTIC,48,Pallet,,,23/12/20
12048,7095,VARIETY MELONS,SOL GROUP MARKETING CO,9,DOMESTIC,48,Case,,,23/12/20
12049,3699,VARIETY MELONS,EPIC FRESH PRODUCE,19,DOMESTIC,48,Pallet,,,23/12/20
12049,4867,VARIETY MELONS,EPIC FRESH PRODUCE,16,DOMESTIC,48,Pallet,,,23/12/20
12049,7095,VARIETY MELONS,SOL GROUP MARKETING CO,9,DOMESTIC,48,Case,,,23/12/20
12050,3699,VARIETY MELONS,EPIC FRESH PRODUCE,21,DOMESTIC,48,Pallet,,,23/12/20
12050,4867,VARIETY MELONS,EPIC FRESH PRODUCE,17,DOMESTIC,48,Pallet,,,23/12/20
12050,7095,VARIETY MELONS,SOL GROUP MARKETING CO,10,DOMESTIC,48,Case,,,23/12/20
12051,3699,VARIETY MELONS,EPIC FRESH PRODUCE,26,DOMESTIC,48,Pallet,,,23/12/20
12051,4867,VARIETY MELONS,EPIC FRESH PRODUCE,21,DOMESTIC,48,Pallet,,,23/12/20
12051,7095,VARIETY MELONS,SOL GROUP MARKETING CO,12,DOMESTIC,48,Case,,,23/12/20
12052,3699,VARIETY MELONS,EPIC FRESH PRODUCE,26,DOMESTIC,48,Pallet,,,23/12/20
12052,4867,VARIETY MELONS,EPIC FRESH PRODUCE,21,DOMESTIC,48,Pallet,,,23/12/20
12052,7095,VARIETY MELONS,SOL GROUP MARKETING CO,12,DOMESTIC,48,Case,,,23/12/20
12101,3699,VARIETY MELONS,EPIC FRESH PRODUCE,26,DOMESTIC,48,Pallet,,,23/12/20
12101,4867,VARIETY MELONS,EPIC FRESH PRODUCE,21,DOMESTIC,48,Pallet,,,23/12/20
12101,7095,VARIETY MELONS,SOL GROUP MARKETING CO,12,DOMESTIC,48,Case,,,23/12/20
12102,3699,VARIETY MELONS,EPIC FRESH PRODUCE,26,DOMESTIC,48,Pallet,,,23/12/20
12102,4867,VARIETY MELONS,EPIC FRESH PRODUCE,22,DOMESTIC,48,Pallet,,,23/12/20
12102,7095,VARIETY MELONS,SOL GROUP MARKETING CO,12,DOMESTIC,48,Case,,,23/12/20
12103,3699,VARIETY MELONS,EPIC FRESH PRODUCE,26,DOMESTIC,48,Pallet,,,23/12/20
12103,4867,VARIETY MELONS,EPIC FRESH PRODUCE,22,DOMESTIC,48,Pallet,,,23/12/20
12103,7095,VARIETY MELONS,SOL GROUP MARKETING CO,12,DOMESTIC,48,Case,,,23/12/20
12048,3699,VARIETY TROPICALS,AMAZON PRODUCE NETWORK LLC,27,DOMESTIC,34,Case,,,23/12/20
12048,3699,VARIETY TROPICALS,AR PRODUCE & TRUCKING CORP,5,DOMESTIC,34,Case,,,23/12/20
12048,3699,VARIETY TROPICALS,FRESHWAY PRODUCE INC,1,DOMESTIC,34,Case,,,23/12/20
12048,7095,VARIETY TROPICALS,FRESHWAY PRODUCE INC,1,DOMESTIC,34,Case,,,23/12/20
12048,7095,VARIETY TROPICALS,"IVAN BIG TREE, LLC",8,DOMESTIC,34,Case,,,23/12/20
12048,7095,VARIETY TROPICALS,WORLD VARIETY PRODUCE INC,15,DOMESTIC,34,Case,,,23/12/20
12049,3699,VARIETY TROPICALS,AMAZON PRODUCE NETWORK LLC,31,DOMESTIC,34,Case,,,23/12/20
12049,3699,VARIETY TROPICALS,AR PRODUCE & TRUCKING CORP,5,DOMESTIC,34,Case,,,23/12/20
12049,3699,VARIETY TROPICALS,FRESHWAY PRODUCE INC,1,DOMESTIC,34,Case,,,23/12/20
12049,7095,VARIETY TROPICALS,FRESHWAY PRODUCE INC,1,DOMESTIC,34,Case,,,23/12/20
12049,7095,VARIETY TROPICALS,"IVAN BIG TREE, LLC",9,DOMESTIC,34,Case,,,23/12/20
12049,7095,VARIETY TROPICALS,WORLD VARIETY PRODUCE INC,16,DOMESTIC,34,Case,,,23/12/20
12050,3699,VARIETY TROPICALS,AMAZON PRODUCE NETWORK LLC,32,DOMESTIC,34,Case,,,23/12/20
12050,3699,VARIETY TROPICALS,AR PRODUCE & TRUCKING CORP,5,DOMESTIC,34,Case,,,23/12/20
12050,3699,VARIETY TROPICALS,FRESHWAY PRODUCE INC,1,DOMESTIC,34,Case,,,23/12/20
12050,7095,VARIETY TROPICALS,FRESHWAY PRODUCE INC,1,DOMESTIC,34,Case,,,23/12/20
12050,7095,VARIETY TROPICALS,"IVAN BIG TREE, LLC",9,DOMESTIC,34,Case,,,23/12/20
12050,7095,VARIETY TROPICALS,WORLD VARIETY PRODUCE INC,16,DOMESTIC,34,Case,,,23/12/20
12051,3699,VARIETY TROPICALS,AMAZON PRODUCE NETWORK LLC,28,DOMESTIC,34,Case,,,23/12/20
12051,3699,VARIETY TROPICALS,AR PRODUCE & TRUCKING CORP,5,DOMESTIC,34,Case,,,23/12/20
12051,3699,VARIETY TROPICALS,FRESHWAY PRODUCE INC,1,DOMESTIC,34,Case,,,23/12/20
12051,7095,VARIETY TROPICALS,FRESHWAY PRODUCE INC,1,DOMESTIC,34,Case,,,23/12/20
12051,7095,VARIETY TROPICALS,"IVAN BIG TREE, LLC",9,DOMESTIC,34,Case,,,23/12/20
12051,7095,VARIETY TROPICALS,WORLD VARIETY PRODUCE INC,15,DOMESTIC,34,Case,,,23/12/20
12052,3699,VARIETY TROPICALS,AMAZON PRODUCE NETWORK LLC,28,DOMESTIC,34,Case,,,23/12/20
12052,3699,VARIETY TROPICALS,AR PRODUCE & TRUCKING CORP,5,DOMESTIC,34,Case,,,23/12/20
12052,3699,VARIETY TROPICALS,FRESHWAY PRODUCE INC,1,DOMESTIC,34,Case,,,23/12/20
12052,7095,VARIETY TROPICALS,FRESHWAY PRODUCE INC,1,DOMESTIC,34,Case,,,23/12/20
12052,7095,VARIETY TROPICALS,"IVAN BIG TREE, LLC",9,DOMESTIC,34,Case,,,23/12/20
12052,7095,VARIETY TROPICALS,WORLD VARIETY PRODUCE INC,15,DOMESTIC,34,Case,,,23/12/20
12101,3699,VARIETY TROPICALS,AMAZON PRODUCE NETWORK LLC,31,DOMESTIC,34,Case,,,23/12/20
12101,3699,VARIETY TROPICALS,AR PRODUCE & TRUCKING CORP,5,DOMESTIC,34,Case,,,23/12/20
12101,3699,VARIETY TROPICALS,FRESHWAY PRODUCE INC,1,DOMESTIC,34,Case,,,23/12/20
12101,7095,VARIETY TROPICALS,FRESHWAY PRODUCE INC,1,DOMESTIC,34,Case,,,23/12/20
12101,7095,VARIETY TROPICALS,"IVAN BIG TREE, LLC",9,DOMESTIC,34,Case,,,23/12/20
12101,7095,VARIETY TROPICALS,WORLD VARIETY PRODUCE INC,17,DOMESTIC,34,Case,,,23/12/20
12102,3699,VARIETY TROPICALS,AMAZON PRODUCE NETWORK LLC,31,DOMESTIC,34,Case,,,23/12/20
12102,3699,VARIETY TROPICALS,AR PRODUCE & TRUCKING CORP,5,DOMESTIC,34,Case,,,23/12/20
12102,3699,VARIETY TROPICALS,FRESHWAY PRODUCE INC,1,DOMESTIC,34,Case,,,23/12/20
12102,7095,VARIETY TROPICALS,FRESHWAY PRODUCE INC,1,DOMESTIC,34,Case,,,23/12/20
12102,7095,VARIETY TROPICALS,"IVAN BIG TREE, LLC",9,DOMESTIC,34,Case,,,23/12/20
12102,7095,VARIETY TROPICALS,WORLD VARIETY PRODUCE INC,17,DOMESTIC,34,Case,,,23/12/20
12103,3699,VARIETY TROPICALS,AMAZON PRODUCE NETWORK LLC,30,DOMESTIC,34,Case,,,23/12/20
12103,3699,VARIETY TROPICALS,AR PRODUCE & TRUCKING CORP,5,DOMESTIC,34,Case,,,23/12/20
12103,3699,VARIETY TROPICALS,FRESHWAY PRODUCE INC,1,DOMESTIC,34,Case,,,23/12/20
12103,7095,VARIETY TROPICALS,FRESHWAY PRODUCE INC,1,DOMESTIC,34,Case,,,23/12/20
12103,7095,VARIETY TROPICALS,"IVAN BIG TREE, LLC",9,DOMESTIC,34,Case,,,23/12/20
12103,7095,VARIETY TROPICALS,WORLD VARIETY PRODUCE INC,17,DOMESTIC,34,Case,,,23/12/20
12048,7095,WATERMELONS,EAGLE FARMS INC,63,DOMESTIC,34,Pallet,,,23/12/20
12049,7095,WATERMELONS,EAGLE FARMS INC,73,DOMESTIC,34,Pallet,,,23/12/20
12050,7095,WATERMELONS,EAGLE FARMS INC,74,DOMESTIC,34,Pallet,,,23/12/20
12051,7095,WATERMELONS,EAGLE FARMS INC,63,DOMESTIC,34,Pallet,,,23/12/20
12052,7095,WATERMELONS,EAGLE FARMS INC,66,DOMESTIC,34,Pallet,,,23/12/20
12101,7095,WATERMELONS,EAGLE FARMS INC,74,DOMESTIC,34,Pallet,,,23/12/20
12102,7095,WATERMELONS,EAGLE FARMS INC,77,DOMESTIC,34,Pallet,,,23/12/20
12103,7095,WATERMELONS,EAGLE FARMS INC,79,DOMESTIC,34,Pallet,,,23/12/20